-- MySQL dump 10.11
--
-- Host: localhost    Database: itone
-- ------------------------------------------------------
-- Server version	5.0.32-Debian_7etch10-log

/*!40101 SET @OLD_CHARACTER_SET_CLIENT=@@CHARACTER_SET_CLIENT */;
/*!40101 SET @OLD_CHARACTER_SET_RESULTS=@@CHARACTER_SET_RESULTS */;
/*!40101 SET @OLD_COLLATION_CONNECTION=@@COLLATION_CONNECTION */;
/*!40101 SET NAMES utf8 */;
/*!40103 SET @OLD_TIME_ZONE=@@TIME_ZONE */;
/*!40103 SET TIME_ZONE='+00:00' */;
/*!40014 SET @OLD_UNIQUE_CHECKS=@@UNIQUE_CHECKS, UNIQUE_CHECKS=0 */;
/*!40014 SET @OLD_FOREIGN_KEY_CHECKS=@@FOREIGN_KEY_CHECKS, FOREIGN_KEY_CHECKS=0 */;
/*!40101 SET @OLD_SQL_MODE=@@SQL_MODE, SQL_MODE='NO_AUTO_VALUE_ON_ZERO' */;
/*!40111 SET @OLD_SQL_NOTES=@@SQL_NOTES, SQL_NOTES=0 */;

--
-- Table structure for table `body_parts`
--

DROP TABLE IF EXISTS `body_parts`;
CREATE TABLE `body_parts` (
  `id` int(11) NOT NULL auto_increment,
  `name` varchar(255) default NULL,
  PRIMARY KEY  (`id`)
) ENGINE=InnoDB DEFAULT CHARSET=latin1;

--
-- Dumping data for table `body_parts`
--

LOCK TABLES `body_parts` WRITE;
/*!40000 ALTER TABLE `body_parts` DISABLE KEYS */;
INSERT INTO `body_parts` VALUES (1,'Brust'),(2,'Rücken'),(3,'Schulter Nacken');
/*!40000 ALTER TABLE `body_parts` ENABLE KEYS */;
UNLOCK TABLES;

--
-- Table structure for table `exercise_to_muscles`
--

DROP TABLE IF EXISTS `exercise_to_muscles`;
CREATE TABLE `exercise_to_muscles` (
  `id` int(11) NOT NULL auto_increment,
  `muscle_id` int(11) default NULL,
  `exercise_id` int(11) default NULL,
  `body_part_id` int(11) default NULL,
  `muscle_type` varchar(255) default NULL,
  PRIMARY KEY  (`id`)
) ENGINE=InnoDB DEFAULT CHARSET=latin1;

--
-- Dumping data for table `exercise_to_muscles`
--

LOCK TABLES `exercise_to_muscles` WRITE;
/*!40000 ALTER TABLE `exercise_to_muscles` DISABLE KEYS */;
INSERT INTO `exercise_to_muscles` VALUES (1,1,1,1,'primary'),(2,2,1,1,'primary'),(3,3,1,1,'primary'),(4,4,1,1,'secondary'),(5,5,1,1,'secondary'),(6,6,1,1,'secondary'),(7,7,1,1,'antagonistic'),(8,31,1,1,'antagonistic'),(9,9,1,1,'antagonistic'),(10,1,2,1,'primary'),(11,2,2,1,'primary'),(12,3,2,1,'primary'),(13,10,2,1,'secondary'),(14,4,2,1,'secondary'),(15,5,2,1,'secondary'),(16,6,2,1,'secondary'),(17,7,2,1,'antagonistic'),(18,31,2,1,'antagonistic'),(19,9,2,1,'antagonistic'),(20,1,4,1,'primary'),(21,2,4,1,'primary'),(22,3,4,1,'primary'),(23,4,4,1,'secondary'),(24,5,4,1,'secondary'),(25,6,4,1,'secondary'),(26,7,4,1,'antagonistic'),(27,31,4,1,'antagonistic'),(28,9,4,1,'antagonistic'),(29,1,3,1,'primary'),(30,2,3,1,'primary'),(31,3,3,1,'primary'),(32,11,3,1,'secondary'),(33,4,3,1,'secondary'),(34,5,3,1,'secondary'),(35,6,3,1,'secondary'),(36,7,3,1,'antagonistic'),(37,31,3,1,'antagonistic'),(38,9,3,1,'antagonistic'),(39,1,5,1,'primary'),(40,3,5,1,'primary'),(41,5,5,1,'primary'),(42,4,5,1,'secondary'),(43,6,5,1,'secondary'),(44,31,5,1,'secondary'),(45,7,5,1,'antagonistic'),(46,9,5,1,'antagonistic'),(47,2,5,1,'antagonistic'),(48,12,5,1,'antagonistic'),(49,13,5,1,'antagonistic'),(50,14,5,1,'antagonistic'),(51,1,6,1,'primary'),(52,2,6,1,'primary'),(53,3,6,1,'primary'),(54,5,6,1,'secondary'),(55,4,6,1,'secondary'),(56,6,6,1,'secondary'),(57,7,6,1,'antagonistic'),(58,31,6,1,'antagonistic'),(59,9,6,1,'antagonistic'),(60,1,7,1,'primary'),(61,2,7,1,'primary'),(62,3,7,1,'primary'),(63,11,7,1,'primary'),(64,5,7,1,'secondary'),(65,4,7,1,'secondary'),(66,6,7,1,'secondary'),(67,7,7,1,'antagonistic'),(68,31,7,1,'antagonistic'),(69,9,7,1,'antagonistic'),(70,12,7,1,'antagonistic'),(71,7,8,1,'primary'),(72,14,8,1,'primary'),(73,1,8,1,'primary'),(74,5,8,1,'secondary'),(75,2,8,1,'secondary'),(76,13,8,1,'secondary'),(77,11,8,1,'antagonistic'),(78,3,8,1,'antagonistic'),(79,31,8,1,'antagonistic'),(80,1,9,1,'primary'),(81,11,9,1,'primary'),(82,5,9,1,'secondary'),(83,4,9,1,'secondary'),(84,31,9,1,'secondary'),(85,1,9,1,'antagonistic'),(86,11,9,1,'antagonistic'),(87,7,9,1,'antagonistic'),(88,2,9,1,'antagonistic'),(89,1,10,1,'primary'),(90,11,10,1,'primary'),(91,3,10,1,'primary'),(92,16,10,1,'primary'),(93,17,10,1,'primary'),(94,18,10,1,'primary'),(95,5,10,1,'secondary'),(96,4,10,1,'secondary'),(97,6,10,1,'secondary'),(98,31,10,1,'secondary'),(99,7,10,1,'antagonistic'),(100,14,10,1,'antagonistic'),(101,12,10,1,'antagonistic'),(102,9,10,1,'antagonistic'),(103,1,13,1,'primary'),(104,7,13,1,'primary'),(105,16,13,1,'primary'),(106,17,13,1,'primary'),(107,18,13,1,'primary'),(108,14,13,1,'secondary'),(109,5,13,1,'secondary'),(110,4,13,1,'secondary'),(111,2,13,1,'secondary'),(112,13,13,1,'secondary'),(113,9,13,1,'antagonistic'),(114,10,13,1,'antagonistic'),(115,3,13,1,'antagonistic'),(116,19,13,1,'antagonistic'),(117,5,12,1,'primary'),(118,22,12,1,'primary'),(119,6,12,1,'primary'),(120,3,12,1,'secondary'),(121,1,12,1,'secondary'),(122,11,12,1,'secondary'),(123,7,12,1,'antagonistic'),(124,14,12,1,'antagonistic'),(125,12,12,1,'antagonistic'),(126,21,12,1,'antagonistic'),(127,9,12,1,'antagonistic'),(128,19,11,1,'primary'),(129,3,11,1,'primary'),(130,5,11,1,'secondary'),(131,4,11,1,'secondary'),(132,31,11,1,'secondary'),(133,7,11,1,'antagonistic'),(134,14,11,1,'antagonistic'),(135,12,11,1,'antagonistic'),(136,9,11,1,'antagonistic'),(137,1,14,1,'primary'),(138,2,14,1,'primary'),(139,3,14,1,'primary'),(140,4,14,1,'secondary'),(141,6,14,1,'secondary'),(142,5,14,1,'secondary'),(143,7,14,1,'antagonistic'),(144,31,14,1,'antagonistic'),(145,9,14,1,'antagonistic'),(146,1,15,1,'primary'),(147,2,15,1,'primary'),(148,3,15,1,'primary'),(149,4,15,1,'secondary'),(150,5,15,1,'secondary'),(151,6,15,1,'secondary'),(152,7,15,1,'antagonistic'),(153,31,15,1,'antagonistic'),(154,9,15,1,'antagonistic'),(155,1,16,1,'primary'),(156,3,16,1,'primary'),(157,11,16,1,'secondary'),(158,4,16,1,'secondary'),(159,5,16,1,'secondary'),(160,6,16,1,'secondary'),(161,31,16,1,'secondary'),(162,7,16,1,'antagonistic'),(163,9,16,1,'antagonistic'),(164,2,16,1,'antagonistic'),(165,1,17,1,'primary'),(166,3,17,1,'primary'),(167,4,17,1,'secondary'),(168,6,17,1,'secondary'),(169,5,17,1,'secondary'),(170,22,17,1,'secondary'),(171,31,17,1,'secondary'),(172,7,17,1,'antagonistic'),(173,9,17,1,'antagonistic'),(174,12,17,1,'antagonistic'),(175,13,17,1,'antagonistic'),(176,14,17,1,'antagonistic'),(177,1,18,1,'primary'),(178,3,18,1,'primary'),(179,4,18,1,'secondary'),(180,6,18,1,'secondary'),(181,31,18,1,'secondary'),(182,7,18,1,'antagonistic'),(183,9,18,1,'antagonistic'),(184,12,18,1,'antagonistic'),(185,13,18,1,'antagonistic'),(186,14,18,1,'antagonistic'),(187,7,19,1,'primary'),(188,14,19,1,'primary'),(189,1,19,1,'primary'),(190,5,19,1,'secondary'),(191,2,19,1,'secondary'),(192,13,19,1,'secondary'),(193,11,19,1,'antagonistic'),(194,3,19,1,'antagonistic'),(195,31,19,1,'antagonistic'),(196,23,20,1,'primary'),(197,2,20,1,'primary'),(198,3,20,1,'primary'),(199,11,20,1,'primary'),(200,5,20,1,'secondary'),(201,4,20,1,'secondary'),(202,6,20,1,'secondary'),(203,7,20,1,'antagonistic'),(204,31,20,1,'antagonistic'),(205,9,20,1,'antagonistic'),(206,12,20,1,'antagonistic'),(207,24,5,1,'antagonistic'),(208,24,8,1,'primary'),(209,24,10,1,'antagonistic'),(210,24,13,1,'secondary'),(211,24,12,1,'antagonistic'),(212,24,11,1,'antagonistic'),(213,24,17,1,'antagonistic'),(214,24,18,1,'antagonistic'),(215,24,19,1,'primary'),(216,25,5,1,'antagonistic'),(217,25,8,1,'secondary'),(218,25,13,1,'secondary'),(219,25,17,1,'antagonistic'),(220,25,18,1,'antagonistic'),(221,25,19,1,'secondary'),(222,26,5,1,'antagonistic'),(223,27,5,1,'antagonistic'),(224,26,7,1,'antagonistic'),(225,27,7,1,'antagonistic'),(226,26,10,1,'antagonistic'),(227,27,10,1,'antagonistic'),(228,26,12,1,'antagonistic'),(229,27,12,1,'antagonistic'),(230,26,11,1,'antagonistic'),(231,27,11,1,'antagonistic'),(232,26,17,1,'antagonistic'),(233,27,17,1,'antagonistic'),(234,26,18,1,'antagonistic'),(235,27,18,1,'antagonistic'),(236,26,20,1,'antagonistic'),(237,27,20,1,'antagonistic'),(238,7,21,2,'primary'),(239,31,21,2,'primary'),(240,28,21,2,'primary'),(241,24,21,2,'primary'),(242,23,21,2,'secondary'),(243,1,21,2,'secondary'),(244,2,21,2,'secondary'),(245,14,21,2,'secondary'),(246,29,21,2,'secondary'),(247,26,21,2,'secondary'),(248,31,21,2,'secondary'),(249,9,21,2,'secondary'),(250,3,21,2,'secondary'),(251,10,21,2,'antagonistic'),(252,19,21,2,'antagonistic'),(253,2,21,2,'antagonistic'),(254,7,22,2,'primary'),(255,24,22,2,'primary'),(256,14,22,2,'primary'),(257,9,22,2,'primary'),(258,13,22,2,'secondary'),(259,25,22,2,'secondary'),(260,31,22,2,'secondary'),(261,28,22,2,'secondary'),(262,29,22,2,'secondary'),(263,26,22,2,'secondary'),(264,27,22,2,'secondary'),(265,12,22,2,'secondary'),(266,21,22,2,'secondary'),(267,30,22,2,'secondary'),(268,1,22,2,'antagonistic'),(269,2,22,2,'antagonistic'),(270,7,23,2,'primary'),(271,13,23,2,'primary'),(272,14,23,2,'primary'),(273,9,23,2,'primary'),(274,13,23,2,'secondary'),(275,25,23,2,'secondary'),(276,31,23,2,'secondary'),(277,28,23,2,'secondary'),(278,29,23,2,'secondary'),(279,12,23,2,'secondary'),(280,27,23,2,'secondary'),(281,26,23,2,'secondary'),(282,21,23,2,'secondary'),(283,30,23,2,'secondary'),(284,1,23,2,'antagonistic'),(285,2,23,2,'antagonistic'),(286,3,23,2,'antagonistic'),(287,7,24,2,'primary'),(288,24,24,2,'primary'),(289,14,24,2,'primary'),(290,9,24,2,'primary'),(291,13,24,2,'secondary'),(292,25,24,2,'secondary'),(293,28,24,2,'secondary'),(294,31,24,2,'secondary'),(295,29,24,2,'secondary'),(296,2,24,2,'secondary'),(297,1,24,2,'antagonistic'),(298,2,24,2,'antagonistic'),(299,3,24,2,'antagonistic'),(300,7,8,2,'primary'),(301,14,8,2,'primary'),(302,1,8,2,'primary'),(303,5,8,2,'secondary'),(304,2,8,2,'secondary'),(305,13,8,2,'secondary'),(306,11,8,2,'antagonistic'),(307,3,8,2,'antagonistic'),(308,31,8,2,'antagonistic'),(309,24,8,2,'primary'),(310,25,8,2,'secondary'),(311,7,25,2,'primary'),(312,31,25,2,'primary'),(313,28,25,2,'primary'),(314,24,25,2,'primary'),(315,13,25,2,'secondary'),(316,25,25,2,'secondary'),(317,1,25,2,'secondary'),(318,2,25,2,'secondary'),(319,24,25,2,'secondary'),(320,29,25,2,'secondary'),(321,12,25,2,'secondary'),(322,26,25,2,'secondary'),(323,27,25,2,'secondary'),(324,9,25,2,'antagonistic'),(325,10,25,2,'antagonistic'),(326,3,25,2,'antagonistic'),(327,7,26,2,'primary'),(328,14,26,2,'primary'),(329,24,26,2,'primary'),(330,9,26,2,'primary'),(331,2,26,2,'secondary'),(332,25,26,2,'secondary'),(333,13,26,2,'secondary'),(334,12,26,2,'secondary'),(335,26,26,2,'secondary'),(336,27,26,2,'secondary'),(337,21,26,2,'secondary'),(338,30,26,2,'secondary'),(339,1,26,2,'antagonistic'),(340,31,26,2,'antagonistic'),(341,3,26,2,'antagonistic'),(342,7,27,2,'primary'),(343,31,27,2,'primary'),(344,28,27,2,'primary'),(345,24,27,2,'primary'),(346,23,27,2,'secondary'),(347,32,27,2,'secondary'),(348,33,27,2,'secondary'),(349,14,27,2,'secondary'),(350,34,27,2,'secondary'),(351,26,27,2,'secondary'),(352,9,27,2,'secondary'),(353,3,27,2,'secondary'),(354,10,27,2,'antagonistic'),(355,19,27,2,'antagonistic'),(356,35,27,2,'antagonistic'),(357,36,27,2,'antagonistic'),(358,7,28,2,'primary'),(359,31,28,2,'primary'),(360,28,28,2,'primary'),(361,24,28,2,'primary'),(362,32,28,2,'secondary'),(363,23,28,2,'secondary'),(364,33,28,2,'secondary'),(365,14,28,2,'secondary'),(366,13,28,2,'secondary'),(367,25,28,2,'secondary'),(368,29,28,2,'secondary'),(369,26,28,2,'secondary'),(370,34,28,2,'secondary'),(371,3,28,2,'secondary'),(372,9,28,2,'secondary'),(373,10,28,2,'antagonistic'),(374,19,28,2,'antagonistic'),(375,35,28,2,'antagonistic'),(376,36,28,2,'antagonistic'),(377,7,29,2,'primary'),(378,28,29,2,'primary'),(379,31,29,2,'primary'),(380,14,29,2,'primary'),(381,24,29,2,'primary'),(382,13,29,2,'secondary'),(383,25,29,2,'secondary'),(384,33,29,2,'secondary'),(385,29,29,2,'secondary'),(386,26,29,2,'secondary'),(387,27,29,2,'secondary'),(388,9,29,2,'secondary'),(389,30,29,2,'secondary'),(390,37,29,2,'secondary'),(391,3,29,2,'antagonistic'),(392,2,29,2,'antagonistic'),(393,7,30,2,'primary'),(394,28,30,2,'primary'),(395,31,30,2,'primary'),(396,14,30,2,'primary'),(397,24,30,2,'primary'),(398,13,30,2,'secondary'),(399,25,30,2,'secondary'),(400,33,30,2,'secondary'),(401,29,30,2,'secondary'),(402,26,30,2,'secondary'),(403,9,30,2,'secondary'),(404,3,30,2,'antagonistic'),(405,1,30,2,'antagonistic'),(406,2,30,2,'antagonistic'),(407,7,31,2,'primary'),(408,28,31,2,'primary'),(409,14,31,2,'primary'),(410,24,31,2,'primary'),(411,31,31,2,'secondary'),(412,30,31,2,'secondary'),(413,37,31,2,'secondary'),(414,13,31,2,'secondary'),(415,25,31,2,'secondary'),(416,33,31,2,'secondary'),(417,29,31,2,'secondary'),(418,12,31,2,'secondary'),(419,26,31,2,'secondary'),(420,27,31,2,'secondary'),(421,3,31,2,'secondary'),(422,1,31,2,'antagonistic'),(423,2,31,2,'antagonistic'),(424,7,32,2,'primary'),(425,2,32,2,'primary'),(426,14,32,2,'primary'),(427,24,32,2,'primary'),(428,9,32,2,'secondary'),(429,25,32,2,'secondary'),(430,13,32,2,'secondary'),(431,11,32,2,'secondary'),(432,5,32,2,'secondary'),(433,27,32,2,'secondary'),(434,26,32,2,'secondary'),(435,12,32,2,'secondary'),(436,3,32,2,'antagonistic'),(437,4,32,2,'antagonistic'),(438,7,33,2,'primary'),(439,31,33,2,'primary'),(440,28,33,2,'primary'),(441,24,33,2,'primary'),(442,32,33,2,'secondary'),(443,23,33,2,'secondary'),(444,33,33,2,'secondary'),(445,14,33,2,'secondary'),(446,25,33,2,'secondary'),(447,13,33,2,'secondary'),(448,29,33,2,'secondary'),(449,26,33,2,'secondary'),(450,34,33,2,'secondary'),(451,3,33,2,'secondary'),(452,9,33,2,'secondary'),(453,10,33,2,'antagonistic'),(454,19,33,2,'antagonistic'),(455,2,33,2,'antagonistic'),(456,7,34,2,'primary'),(457,31,34,2,'primary'),(458,28,34,2,'primary'),(459,24,34,2,'primary'),(460,32,34,2,'secondary'),(461,23,34,2,'secondary'),(462,33,34,2,'secondary'),(463,14,34,2,'secondary'),(464,13,34,2,'secondary'),(465,25,34,2,'secondary'),(466,29,34,2,'secondary'),(467,26,34,2,'secondary'),(468,34,34,2,'secondary'),(469,3,34,2,'secondary'),(470,9,34,2,'secondary'),(471,10,34,2,'antagonistic'),(472,19,34,2,'antagonistic'),(473,35,34,2,'antagonistic'),(474,36,34,2,'antagonistic'),(475,7,35,2,'primary'),(476,1,35,2,'primary'),(477,33,35,2,'secondary'),(478,24,35,2,'secondary'),(479,31,35,2,'secondary'),(480,3,35,2,'secondary'),(481,9,35,2,'secondary'),(482,10,35,2,'antagonistic'),(483,38,35,2,'antagonistic'),(484,7,36,2,'primary'),(485,24,36,2,'primary'),(486,13,36,2,'primary'),(487,25,36,2,'primary'),(488,23,36,2,'secondary'),(489,32,36,2,'secondary'),(490,33,36,2,'secondary'),(491,14,36,2,'secondary'),(492,26,36,2,'secondary'),(493,3,36,2,'secondary'),(494,9,36,2,'secondary'),(495,13,36,2,'secondary'),(496,25,36,2,'secondary'),(497,10,36,2,'antagonistic'),(498,38,36,2,'antagonistic'),(499,19,36,2,'antagonistic'),(500,7,37,2,'primary'),(501,9,37,2,'primary'),(502,14,37,2,'primary'),(503,24,37,2,'primary'),(504,25,37,2,'secondary'),(505,13,37,2,'secondary'),(506,31,37,2,'secondary'),(507,28,37,2,'secondary'),(508,29,37,2,'secondary'),(509,12,37,2,'secondary'),(510,27,37,2,'secondary'),(511,26,37,2,'secondary'),(512,21,37,2,'secondary'),(513,30,37,2,'secondary'),(514,1,37,2,'antagonistic'),(515,2,37,2,'antagonistic'),(516,3,37,2,'antagonistic'),(517,7,38,2,'primary'),(518,9,38,2,'primary'),(519,14,38,2,'primary'),(520,24,38,2,'primary'),(521,13,38,2,'secondary'),(522,25,38,2,'secondary'),(523,31,38,2,'secondary'),(524,28,38,2,'secondary'),(525,29,38,2,'secondary'),(526,26,38,2,'secondary'),(527,27,38,2,'secondary'),(528,12,38,2,'secondary'),(529,21,38,2,'secondary'),(530,1,38,2,'antagonistic'),(531,2,38,2,'antagonistic'),(532,3,38,2,'antagonistic'),(533,3,39,3,'primary'),(534,10,39,3,'primary'),(535,36,39,3,'primary'),(536,35,39,3,'primary'),(537,38,39,3,'primary'),(538,9,39,3,'secondary'),(539,19,39,3,'secondary'),(540,12,39,3,'secondary'),(541,34,39,3,'secondary'),(542,5,39,3,'secondary'),(543,33,39,3,'secondary'),(544,7,39,3,'antagonistic'),(545,31,39,3,'antagonistic'),(546,23,39,3,'antagonistic'),(547,3,40,3,'primary'),(548,10,40,3,'primary'),(549,35,40,3,'primary'),(550,36,40,3,'primary'),(551,38,40,3,'primary'),(552,9,40,3,'secondary'),(553,19,40,3,'secondary'),(554,12,40,3,'secondary'),(555,34,40,3,'secondary'),(556,5,40,3,'secondary'),(557,33,40,3,'secondary'),(558,7,40,3,'antagonistic'),(559,31,40,3,'antagonistic'),(560,23,40,3,'antagonistic'),(561,3,41,3,'primary'),(562,4,41,3,'primary'),(563,35,41,3,'primary'),(564,36,41,3,'primary'),(565,38,41,3,'primary'),(566,10,41,3,'secondary'),(567,9,41,3,'secondary'),(568,19,41,3,'secondary'),(569,34,41,3,'secondary'),(570,12,41,3,'secondary'),(571,27,41,3,'secondary'),(572,26,41,3,'secondary'),(573,33,41,3,'secondary'),(574,7,41,3,'antagonistic'),(575,24,41,3,'antagonistic'),(576,23,41,3,'antagonistic'),(577,31,41,3,'antagonistic'),(578,14,41,3,'antagonistic'),(579,10,42,3,'primary'),(580,38,42,3,'primary'),(581,3,42,3,'secondary'),(582,9,42,3,'secondary'),(583,12,42,3,'secondary'),(584,27,42,3,'secondary'),(585,26,42,3,'secondary'),(586,5,42,3,'secondary'),(587,34,42,3,'secondary'),(588,6,42,3,'secondary'),(589,7,42,3,'antagonistic'),(590,23,42,3,'antagonistic'),(591,14,42,3,'antagonistic'),(592,24,42,3,'antagonistic'),(593,33,42,3,'antagonistic'),(594,31,42,3,'antagonistic'),(595,10,43,3,'primary'),(596,38,43,3,'primary'),(597,3,43,3,'secondary'),(598,9,43,3,'secondary'),(599,12,43,3,'secondary'),(600,27,43,3,'secondary'),(601,26,43,3,'secondary'),(602,34,43,3,'secondary'),(603,6,43,3,'secondary'),(604,7,43,3,'antagonistic'),(605,23,43,3,'antagonistic'),(606,24,43,3,'antagonistic'),(607,14,43,3,'antagonistic'),(608,31,43,3,'antagonistic'),(609,3,44,3,'primary'),(610,4,44,3,'primary'),(611,19,44,3,'primary'),(612,9,44,3,'secondary'),(613,10,44,3,'secondary'),(614,12,44,3,'secondary'),(615,27,44,3,'secondary'),(616,31,44,3,'secondary'),(617,5,44,3,'secondary'),(618,7,44,3,'antagonistic'),(619,24,44,3,'antagonistic'),(620,14,44,3,'antagonistic'),(621,23,44,3,'antagonistic'),(622,2,44,3,'antagonistic'),(623,9,45,3,'primary'),(624,12,45,3,'primary'),(625,27,45,3,'primary'),(626,26,45,3,'primary'),(627,10,45,3,'secondary'),(628,7,45,3,'secondary'),(629,13,45,3,'secondary'),(630,25,45,3,'secondary'),(631,24,45,3,'secondary'),(632,14,45,3,'secondary'),(633,2,45,3,'secondary'),(634,21,45,3,'secondary'),(635,30,45,3,'secondary'),(636,37,45,3,'secondary'),(637,3,45,3,'antagonistic'),(638,1,45,3,'antagonistic'),(639,11,45,3,'antagonistic'),(640,31,45,3,'antagonistic'),(641,9,46,3,'primary'),(642,12,46,3,'primary'),(643,27,46,3,'primary'),(644,26,46,3,'primary'),(645,10,46,3,'secondary'),(646,7,46,3,'secondary'),(647,24,46,3,'secondary'),(648,14,46,3,'secondary'),(649,13,46,3,'secondary'),(650,25,46,3,'secondary'),(651,2,46,3,'secondary'),(652,21,46,3,'secondary'),(653,3,46,3,'antagonistic'),(654,1,46,3,'antagonistic'),(655,11,46,3,'antagonistic'),(656,31,46,3,'antagonistic'),(657,3,47,3,'primary'),(658,9,47,3,'primary'),(659,10,47,3,'primary'),(660,12,47,3,'secondary'),(661,27,47,3,'secondary'),(662,26,47,3,'secondary'),(663,39,47,3,'secondary'),(664,38,47,3,'secondary'),(665,31,47,3,'secondary'),(666,28,47,3,'secondary'),(667,25,47,3,'secondary'),(668,13,47,3,'secondary'),(669,30,47,3,'secondary'),(670,7,47,3,'antagonistic'),(671,1,47,3,'antagonistic'),(672,11,47,3,'antagonistic'),(673,2,47,3,'antagonistic'),(674,12,48,3,'primary'),(675,39,48,3,'primary'),(676,25,48,3,'secondary'),(677,13,48,3,'secondary'),(678,27,48,3,'secondary'),(679,3,48,3,'secondary'),(680,10,48,3,'secondary'),(681,9,48,3,'secondary'),(682,38,48,3,'secondary'),(683,11,48,3,'antagonistic'),(684,26,48,3,'antagonistic'),(685,1,48,3,'antagonistic'),(686,7,48,3,'antagonistic'),(687,21,49,3,'primary'),(688,14,49,3,'primary'),(689,9,49,3,'secondary'),(690,25,49,3,'secondary'),(691,13,49,3,'secondary'),(692,12,49,3,'secondary'),(693,27,49,3,'secondary'),(694,26,49,3,'secondary'),(695,6,49,3,'antagonistic'),(696,7,49,3,'antagonistic'),(697,1,49,3,'antagonistic'),(698,11,49,3,'antagonistic'),(699,6,50,3,'primary'),(700,1,50,3,'primary'),(701,11,50,3,'primary'),(702,7,50,3,'secondary'),(703,24,50,3,'secondary'),(704,3,50,3,'secondary'),(705,34,50,3,'secondary'),(706,5,50,3,'secondary'),(707,11,50,3,'secondary'),(708,21,50,3,'antagonistic'),(709,14,50,3,'antagonistic'),(710,3,51,3,'primary'),(711,4,51,3,'primary'),(712,19,51,3,'primary'),(713,31,51,3,'secondary'),(714,10,51,3,'secondary'),(715,9,51,3,'secondary'),(716,27,51,3,'secondary'),(717,12,51,3,'secondary'),(718,5,51,3,'secondary'),(719,7,51,3,'antagonistic'),(720,14,51,3,'antagonistic'),(721,24,51,3,'antagonistic'),(722,23,51,3,'antagonistic'),(723,2,51,3,'antagonistic'),(724,3,52,3,'primary'),(725,10,52,3,'primary'),(726,2,52,3,'primary'),(727,38,52,3,'primary'),(728,9,52,3,'secondary'),(729,19,52,3,'secondary'),(730,12,52,3,'secondary'),(731,5,52,3,'secondary'),(732,7,52,3,'antagonistic'),(733,31,52,3,'antagonistic'),(734,23,52,3,'antagonistic'),(735,9,53,3,'primary'),(736,12,53,3,'primary'),(737,27,53,3,'primary'),(738,26,53,3,'primary'),(739,10,53,3,'secondary'),(740,13,53,3,'secondary'),(741,25,53,3,'secondary'),(742,21,53,3,'secondary'),(743,30,53,3,'secondary'),(744,37,53,3,'secondary'),(745,3,53,3,'antagonistic'),(746,11,53,3,'antagonistic'),(747,1,53,3,'antagonistic'),(748,7,53,3,'antagonistic'),(749,11,54,3,'primary'),(750,26,54,3,'primary'),(751,13,54,3,'secondary'),(752,25,54,3,'secondary'),(753,12,54,3,'antagonistic'),(754,39,54,3,'antagonistic'),(755,12,55,3,'primary'),(757,42,55,3,'primary'),(766,39,55,3,'secondary'),(768,11,55,3,'antagonistic'),(769,52,55,3,'antagonistic'),(773,56,56,3,'primary'),(774,52,56,3,'primary'),(783,12,56,3,'antagonistic'),(785,42,56,3,'antagonistic'),(792,19,56,3,'antagonistic'),(793,39,56,3,'antagonistic'),(795,42,57,3,'primary'),(796,56,57,3,'primary'),(797,52,57,3,'secondary'),(798,39,57,3,'secondary'),(801,3,58,3,'primary'),(802,10,58,3,'primary'),(803,35,58,3,'primary'),(804,36,58,3,'primary'),(805,38,58,3,'primary'),(806,9,58,3,'secondary'),(807,19,58,3,'secondary'),(808,12,58,3,'secondary'),(809,34,58,3,'secondary'),(810,5,58,3,'secondary'),(811,33,58,3,'secondary'),(812,7,58,3,'antagonistic'),(813,31,58,3,'antagonistic'),(814,23,58,3,'antagonistic'),(815,10,60,3,'primary'),(816,38,60,3,'primary'),(817,3,60,3,'secondary'),(818,9,60,3,'secondary'),(819,12,60,3,'secondary'),(820,27,60,3,'secondary'),(821,26,60,3,'secondary'),(822,5,60,3,'secondary'),(823,34,60,3,'secondary'),(824,6,60,3,'secondary'),(825,7,60,3,'antagonistic'),(826,23,60,3,'antagonistic'),(827,24,60,3,'antagonistic'),(828,14,60,3,'antagonistic'),(829,33,60,3,'antagonistic'),(830,31,60,3,'antagonistic'),(831,10,61,3,'primary'),(832,38,61,3,'primary'),(833,3,61,3,'secondary'),(834,9,61,3,'secondary'),(835,12,61,3,'secondary'),(836,27,61,3,'secondary'),(837,26,61,3,'secondary'),(838,5,61,3,'secondary'),(839,34,61,3,'secondary'),(840,6,61,3,'secondary'),(841,7,61,3,'antagonistic'),(842,23,61,3,'antagonistic'),(843,14,61,3,'antagonistic'),(844,24,61,3,'antagonistic'),(845,33,61,3,'antagonistic'),(846,31,61,3,'antagonistic'),(847,3,62,3,'primary'),(848,4,62,3,'primary'),(849,19,62,3,'secondary'),(850,10,62,3,'secondary'),(851,9,62,3,'secondary'),(852,31,62,3,'secondary'),(853,5,62,3,'secondary'),(854,27,62,3,'secondary'),(855,12,62,3,'secondary'),(856,7,62,3,'antagonistic'),(857,24,62,3,'antagonistic'),(858,14,62,3,'antagonistic'),(859,23,62,3,'antagonistic'),(860,2,62,3,'antagonistic'),(861,9,63,3,'primary'),(862,12,63,3,'primary'),(863,27,63,3,'primary'),(864,26,63,3,'primary'),(865,10,63,3,'secondary'),(866,7,63,3,'secondary'),(867,24,63,3,'secondary'),(868,14,63,3,'secondary'),(869,2,63,3,'secondary'),(870,13,63,3,'secondary'),(871,25,63,3,'secondary'),(872,3,63,3,'antagonistic'),(873,1,63,3,'antagonistic'),(874,11,63,3,'antagonistic'),(875,31,63,3,'antagonistic'),(876,9,64,3,'primary'),(877,12,64,3,'primary'),(878,27,64,3,'primary'),(879,26,64,3,'primary'),(880,10,64,3,'secondary'),(881,13,64,3,'secondary'),(882,25,64,3,'secondary'),(883,7,64,3,'secondary'),(884,24,64,3,'secondary'),(885,14,64,3,'secondary'),(886,2,64,3,'secondary'),(887,3,64,3,'antagonistic'),(888,11,64,3,'antagonistic'),(889,1,64,3,'antagonistic'),(890,31,64,3,'antagonistic'),(891,3,65,3,'primary'),(892,9,65,3,'primary'),(893,10,65,3,'primary'),(894,12,65,3,'secondary'),(895,27,65,3,'secondary'),(896,26,65,3,'secondary'),(897,39,65,3,'secondary'),(898,38,65,3,'secondary'),(899,31,65,3,'secondary'),(900,28,65,3,'secondary'),(901,13,65,3,'secondary'),(902,25,65,3,'secondary'),(903,30,65,3,'secondary'),(904,7,65,3,'antagonistic'),(905,1,65,3,'antagonistic'),(906,11,65,3,'antagonistic'),(907,2,65,3,'antagonistic'),(908,12,66,3,'primary'),(909,39,66,3,'primary'),(910,13,66,3,'secondary'),(911,25,66,3,'secondary'),(912,3,66,3,'secondary'),(913,10,66,3,'secondary'),(914,9,66,3,'secondary'),(915,27,66,3,'secondary'),(916,38,66,3,'secondary'),(917,11,66,3,'antagonistic'),(918,26,66,3,'antagonistic'),(919,1,66,3,'antagonistic'),(920,7,66,3,'antagonistic'),(921,21,67,3,'primary'),(922,14,67,3,'primary'),(923,9,67,3,'secondary'),(924,6,67,3,'antagonistic'),(925,7,67,3,'antagonistic'),(926,1,67,3,'antagonistic'),(927,11,67,3,'antagonistic'),(928,6,68,3,'primary'),(929,1,68,3,'primary'),(930,11,68,3,'primary'),(931,34,68,3,'primary'),(932,7,68,3,'secondary'),(933,24,68,3,'secondary'),(934,3,68,3,'secondary'),(935,21,68,3,'antagonistic'),(936,14,68,3,'antagonistic'),(937,34,1,1,'antagonistic'),(938,34,2,1,'antagonistic'),(939,34,4,1,'antagonistic'),(940,34,3,1,'antagonistic'),(941,34,5,1,'secondary'),(942,34,6,1,'antagonistic'),(943,34,7,1,'antagonistic'),(944,34,8,1,'antagonistic'),(945,34,9,1,'secondary'),(946,34,10,1,'secondary'),(947,34,11,1,'secondary'),(948,34,14,1,'antagonistic'),(949,34,15,1,'antagonistic'),(950,34,16,1,'secondary'),(951,34,17,1,'secondary'),(952,34,18,1,'secondary'),(953,34,19,1,'antagonistic'),(954,34,20,1,'antagonistic'),(955,34,21,2,'primary'),(956,34,21,2,'secondary'),(957,34,22,2,'secondary'),(958,34,23,2,'secondary'),(959,34,24,2,'secondary'),(960,34,8,2,'antagonistic'),(961,34,25,2,'primary'),(962,34,26,2,'antagonistic'),(963,34,29,2,'primary'),(964,34,30,2,'primary'),(965,34,31,2,'secondary'),(966,34,37,2,'secondary'),(967,34,38,2,'secondary'),(968,34,44,3,'secondary'),(969,34,45,3,'antagonistic'),(970,34,46,3,'antagonistic'),(971,34,47,3,'secondary'),(972,34,51,3,'secondary'),(973,34,52,3,'antagonistic'),(974,34,62,3,'secondary'),(975,34,63,3,'antagonistic'),(976,34,64,3,'antagonistic'),(977,34,65,3,'secondary'),(978,22,32,2,'secondary'),(979,22,39,3,'secondary'),(980,22,44,3,'secondary'),(981,22,50,3,'secondary'),(982,22,51,3,'secondary'),(983,22,62,3,'secondary');
/*!40000 ALTER TABLE `exercise_to_muscles` ENABLE KEYS */;
UNLOCK TABLES;

--
-- Table structure for table `exercises`
--

DROP TABLE IF EXISTS `exercises`;
CREATE TABLE `exercises` (
  `id` int(11) NOT NULL auto_increment,
  `name` varchar(255) default NULL,
  `image1` varchar(255) default NULL,
  `description` text,
  `image2` varchar(255) default NULL,
  `main_description` text,
  `how_to` text,
  `how_not_to` text,
  `info` text,
  `exercise_type` varchar(255) default NULL,
  PRIMARY KEY  (`id`)
) ENGINE=InnoDB DEFAULT CHARSET=latin1;

--
-- Dumping data for table `exercises`
--

LOCK TABLES `exercises` WRITE;
/*!40000 ALTER TABLE `exercises` DISABLE KEYS */;
INSERT INTO `exercises` VALUES (1,'Bankdrücken',NULL,'Dies ist eine schwere und schlichte Grund?bung, auch wenn sie starke Konzentration und im Allgemeinen auch Hilfestellung\r\nedordert. lst die Bank hoch, empfiehlt es sich, die F??e auf eine Stufe zu stellen, um den Lendenbereich\r\nnicht ?berm??ig zu beugen, wobei das Wichtigste jedoch ist, Stabilit?t zu erreichen. Nur wenn kein Partner da ist,\r\nder Hilfestellung leisten kann, und wenn bei der letzten Wiederholung die Kraft nachl?sst, kann der R?cken gebogen\r\nwerden, um den SaIzzu Ende zu bringen (dadurch wird die Kraft erh?ht), Zum Schluss muss die Langhantelsicher\r\nauf die Halterung gelegt werden.\r\nVarianten, bei denen die Absenkung nicht entlang der beschriebenen Linie erfolgt (sondern z, B. in Richtung der Schultern\r\noder des Bauchs) sind nicht zu empfehlen und bewirken keinen nennenswerten Vorteil. Der Bizeps bleibt beim\r\nBankdr?cken ebenso unter Spannung, obgleich er als Antagonist angegeben ist. Es handelt sich um eines von zahlreichen\r\nBeispielen, bei denen ein Vluskel eine Bewegung ausf?hrt, aberzur gegenteiligen Bewegung beitragen kann,\r\nabh?ngig davon, ob wir unsere Aufmerksamkeit auf den einen oder den anderen K?rperteil richten, und dar?ber hinaus\r\nin Abh?ngigkeit weiterer Faktoren ... (siehe z. B. ?bung 1, ,,schultern und Nacken).',NULL,NULL,'- Rückenlage auf einer flachen Bank\r\n- Kopf, Rücken und Beine sind\r\nfest aufgestützt\r\n- Griff etwas mehr als schulterbreit \r\n- Vor Abheben aus der Halterung einatmen\r\n- Stange vor die Brust geführt\r\n- Ellbogen absenken bis 0berkörper berührt\r\n- dann wieder angehoben.\r\n- bei Abwärtsbewegung einatmen\r\n- beim Anheben ausatmen','- Durchbiegen des Rückens (tiefe Beine)  - Abfedern der Langhantel von der Brust\r\n- Absenken in Richtung des Halses o Bauchs\r\n- zu viel oder zu wenig Gewicht\r\n- Durchstrecken der Ellbogen \r\n- Bewegungen der Füße, des Rückens, des Kopfes','Eln st?rkerer Tonus der vorderen 0berk?rpermuskeln im Vergleich zu den hinteren f?hrt in der Regel zu einer gekr?mmten Haltung\r\n(neben weiteren Problemen). Dies bedeutet, dass nicht nur eine laterale Symmetrie, sondern auch eine Symmetrie zwischen\r\nder vorderen und der hinteren Seite einzuhalten ist.','free'),(2,'Schrägbankdrücken',NULL,'Der Neigungswinkel der Bank kann auf 60 oder 70 erh?ht werden. Dadurch wird der obere Bereich des gro?en\r\nBrustmuskels noch st?rker beansprucht, daf?r geht jedoch ein gro?er Teil der Belastung auf die Schultern ?ber.\r\nDieser Bereich der Brust darJ nicht vernachl?ssigt werden (obwohl der gesamte Bereich arbeitet), denn er entwickelt\r\nsich f?r gew?hnlich weniger als der untere Bereich. Entgegen einem weit verbreiteten Glauben kann diese ?bung dem\r\nErschlaffen der weiblichen Brust nicht vorbeugen bzw. entgegenwirken, was aber nichi bedeutet, dass diese gute\r\n?bung f?r Frauen keinen Nutzen hat,\r\nErinnern wir uns daran, dass manche Muskeln aufgrund derAnordnung ihrer Fasern in dem einen oder anderen Bereich\r\nbeanspruchtwerden k?nnen (Brustmuskel, R?ckenmuskel, Ges??muskel ,..). Doch die Beanspruchung einzelner\r\nTeile ein und desselben Muskelbauchs wird im Bodybuilding ?berbewertet, denn in vielen F?llen ist dies nicht\r\nm?glich oder zumlndest nicht in dem Ma?e, wie geglaubt wird. Der innere und der ?u?ere Bereich des Brustmuskels\r\nwerden immer aktiviert, wenn eine waagerechte Adduktion (Heranf?hren) des Arms gegen einen Widerstand erfolgt (wie beim Bankdr?cken im Liegen).',NULL,NULL,'Sie liegen auf einer Schr?gbank, die aber nicht st?rker geneigt ist als 30\'\r\noder 45o, stellen die F??e auf den Boden und st?tzen R?cken und Kopf ab,\r\nDie Langhantel wird im Obergriff (Handfl?chen in Richtung der F??e) senkrecht\r\n?ber der Stirn gehalten. Die Unterarme m?ssen senkrecht zum Boden\r\nbewegt werden, dabei ist der Griff etwas mehr als schulterbreit.\r\nVor dem Abheben der Langhantel aus der Halterung wird eingeatmet. Die\r\nLanghantel wird gesenkt, bis sie den oberen Teil der Brust ber?hrt, und wieder\r\nsenkrecht nach oben gedr?ckt, Die Ellbogen bleiben vom K?rper gel?st.\r\nW?hrend der Aufw?rtsbewegung ausatmen,','zu starke Schr?gstellung der Bank (?ber 70\'),\r\nDurchbiegen des R?ckens, Abfedern der Stange auf der Brust und\r\nDurchstrecken der Ellbogen in der oberen Position.','Bewegungen des Handgelenks unter Last k?nnen die kleinen Knochen und Muskeln desselben sch?digen\r\nund sogar manche Muskeln des Unterarms. Ein Griff, bei dem der Daumen den ?brigen Fingern\r\ngegen?berliegt (Umschlie?en der Stange) erm?glicht einen sichereren und vor allem nat?rlicheren\r\nGriff bei jeder Art des Bankdr?ckens.','free'),(3,'Bankdrücken auf der Negativbank',NULL,'Diese ung?nstige Ubung wird nicht mehr praktiziert (bzw. sollte nicht mehr praktiziert werden), da sie einen Bereich\r\ndes Brustmuskels beansprucht - den unteren -, der sich bereits durch die herk?mmlichen ?bungen gut entwickelt,\r\nAbgesehen davon sind k?rperliche Belastungen nicht zu empfehlen, beidenen der Kopf tiefer liegt als das Herz, zumindest\r\nnicht ?ber l?ngere Zeit und/oder mit hoher lntensit?t. Dies kann 0hnmacht und weitere Probleme verursachen,\r\nda der menschliche K?rper nicht daf?r geelgnet ist, Anstrengungen in umgekehrter Haliung auszuf?hren, ln\r\njedem Fall darf der Neigungswinkel der Bank nicht gr??er sein als ca. 35o, und es sollte immer eine weitere Person\r\num Hilfe gebeten werden. Entgegen den Behauptungen einiger Autoren und Trainer ,,verk?rzt dlese Variante den\r\nunteren Anteil des Brustmuskels nicht, denn diese Wirkung wird durch das gew?hnliche Brustmuskeltraining in Kom-\r\nI\r\nbination mit einer Di?t und aeroben Ubungen erreicht.',NULL,NULL,'Sie liegen auf einer Negativbank, der Neigungs\r\nund 30\'. Der Kopf zeigt nach unten, die Beine sind fixiert. Die Langhantel\r\nwird im Obergriff (Handfl?chen in Richtung der F??e) senkrecht ?ber die\r\nAugen gehalten.\r\nVor dem Abheben der Stange aus der Halterung wird eingeatmet, dann absenken,\r\nbis sie den unteren Teil der Brust ber?hrt, und wieder senkrecht\r\nnach oben dr?cken, Die Unterarme m?ssen sich senkrecht zum Boden bewegen\r\n(siehe ?bungen 1 und 2) und die Ellbogen m?ssen, wie in den vorigen\r\nF?llen, vom K?rper gel?st sein. Beim Hochdr?cken der Langhantel\r\nausatmen.','starke Negativneigung der Bank, zu vielGewicht und ?berm??iges\r\nAusf?hren dieser ?bung.','Fr?her oder sp?ter muss sich jeder Kraftsportler gewisse Kenntnisse der Anatomie und der Physiologie aneignen, Ansonsten wird er nie wissen,\r\nob er das Richtige tut.','free'),(4,'Kurzhanteldrücken',NULL,'Wie bei anderen Ubungen erm?glichen die Kurzhanteln eine l?ngere Bewegungsstrecke. Der gr??te Nachteil besteht\r\nin der Handhabung der Last zu Beginn und am Ende des Satzes, weshalb bei schweren ?bungen die Hilfestellung\r\ndurch einen Partner empfohlen wird. Wir k?nnen mit den Kurzhanteln ?ber den Knien beginnen und uns mit gebeugten\r\nArmen nach hinten fallenlassen, w?hrend wir sie gleichzeitig mit Hilfe eines Partners anheben. Zum Schluss werden\r\ndie H?nde in neutrale Stellung gebracht, wobei die Ellbogen leicht gebeugt und die Kurzhanteln ?ber die\r\nangehobenen Knie geschwungen werden und wir uns gleichzeitig aufrichten (die Hanteln nicht im Liegen zu den Seiten\r\nfallenlassen, dies kann zu einer Verletzung der Schulter und zur Sch?digung des Materials f?hren), Es gibt Studien,\r\ndenen zufolge durch Kurzhanteln der innere Anteil des Brustmuskels st?rker beansprucht wird, doch einen\r\ngro?en Unterschied kann es nicht ausmachen, da es zwischen dem inneren und ?u?eren Bereich keine Ans?tze gibt.\r\nDurch die Anordnung der Fasern k?nnen der obere und untere Anteil mancher breiter Muskeln (2. B. Brustmuskel,\r\nR?ckenmuskel usw.) st?rker beansprucht werden, etwa durch Ver?nderung des Neigungswinkels der Bank oder eine\r\nReihe weiterer Techniken, die im weiteren Verlauf des Buches beschrieben werden.',NULL,NULL,'Sie liegen in R?ckenlage auf einer Flachbank, R?cken und Kopf sind aufgest?tzt,\r\nlst die Bank niedrig, stehen die F??e auf dem Boden, anderenfalls\r\nauf einer Stufe, Halten Sie die Kurzhanteln mit etwas Abstand voneinander\r\nsenkrecht ?ber die Brust. Wie bei der Verwendung der Langhantel m?ssen\r\nsich die Arme senkrecht zum Boden bewegen. Zu Beginn der Abw?rtsbewegung\r\neinatmen, Absenken bis auf die H?he des Brustmuskels (je nach\r\nBeweglichkeit) und wieder senkrecht zur Mitte heben. Die Ellbogen bleiben\r\nsenkrecht zum K?rper (auseinander), W?hrend der Aufw?rtsbewegung ausatmen.','zu tiefes Absenken des Gewichts, falsches Aufnehmen und\r\nAblegen des Gewichts zu Beginn und am Ende des Satzes und Zusammensto?en\r\nder Kurzhanteln am obersten Punkt.','','free'),(5,'Fliegende Bewegung mit Kurzhanteln',NULL,'Theoretisch tr?gt diese Ubung zurWeitung des Brustkorbs bei, insbesondere bei Menschen im Wachstumsalter, denn\nsp?ter werden weniger Fortschritte erreicht, trotz Hinweisen, dass die Rippenknorpel verl?ngert werden k?nnten (slehe\n?bung 5, R?ckenmuskel). Tats?chlich ist diese ?bung beinahe identisch mit dem Bankdr?cken (siehe ?bung 4), zumindest\nim Hinblick auf den Brustmuskel. Dieser lVuskel hat seinen Ansatz am Oberarm und er bewegt sich beim Bankdr?cken\ngenauso wie bei derfliegenden Bewegung. Diese ?bung f?hlt sich deswegen anders an, weil das Gewicht an\neinem weiter entfernten Punkt am K?rperhebel ansetzt (technisch gesprochen ein ,,gr??eres Kraftmoment). Erstaunlicherweise\nbesteht dieser lrrtum immer noch bei Trainern, in B?chern, Zeitschriften und Krafttrainingskursen, zu einer\ngezielteren Beanspruchung des Brustmuskels kommt es nur, wenn der Trizeps nicht beteiligt ist.',NULL,NULL,'Sie liegen auf einerflachen, schmalen Bank. lst die Bank niedrig, stehen die\nF??e auf dem Boden, ansonsten stehen sie auf einer Erh?hung. R?cken\nund Kopf sind aufgest?tzt, Die Kurzhanteln werden in geringem Abstand\nvoneinander senkrecht ?ber der Brust gehalten, wobei sich die Handfl?chen\ngegen?berliegen und die Ellbogen halb gebeugt sind. W?hrend der\nAbw?rtsbewegung bis zur H?he der Brust (je nach Dehnbarkeit) tief einatmen,\nohne die Beugung des Ellbogens zu ver?ndern, dann die Hanteln\nwieder vertikal nach oben und nach innen f?hren, ohne dass sie sich ber?hren.\nDabei ausatmen. Die Ellbogen bewegen sich entfernt vom K?rper,\nwie bei einer Umarmung.','Beugen der Ellbogen und Ausf?hren der Ubung als Bankdr?cken\n(das ist nicht sch?dlich, allerdings ist es dann keine fliegende Bewegung\nmehr), zu hohes Gewicht auf den Kurzhanteln und somit Gef?hrdung der\nGelenke, Umleiten der Belastung auf die Deltamuskeln und falsche Atmung,','Viele Sportler denken, sie f?hren eine ,,fliegende Bewegung aus, obwohl es sich in Wirklichkeii um\n,,Bankdr?cken mit neutralem Griff handelt, im Brustbereich hat sich praktisch nichts ge?ndert. Das\nliegt daran, dass bei der Grund?bung der fliegenden Bewegung (der einzigen, die diese Bezeichnung\nverdient) nicht mit so viel Gewicht gearbeitet werden kann. Bei der Wahl einer Bewegung, die\ndiesen Muskel intensiv beansprucht, ist das Bankdr?cken (sei es mit der Langhantel oder mit Kurzhanteln)\nder fliegenden Bewegung mit Kurzhanteln ?berlegen.','free'),(6,'Liegestütz auf dem Boden',NULL,'Diese Ubung ?hnelt dem Bankdr?cken, nutzt aber das Eigengewicht des K?rpers. Bei Schmerzen in den Handgelenken\r\nk?nnen die F?uste aufgest?tztwerden, ohne die Belastung der Muskeln zu ver?ndern. Eine Steigerung von leicht\r\nzuanspruchsvollkannsoerfolgen: l.anderWand,dieF??eingeringemAbstandzurWand,2.anderWand,dieF??\r\nein gro?em Abstand zur Wand, 3. auf dem Boden, mit aufgest?tzten Knien und erh?hten H?nden, 4. auf dem Boden,\r\nmit aufgest?tzten Knien und H?nden auf dem Boden, 5. mit Abst?tzen der F??e auf dem Boden und Abst?tzen der\r\nH?nde auf einer Erh?hung und 6. mit auf dem Boden aufgest?tzten F??en und H?nden, wie in der erl?uterten ?bung.\r\n\'lede dieser Varianten wird leichter, wenn die Beine weit ge?ffnet werden.',NULL,NULL,'Sie liegen mit dem Gesicht nach unten (b?uchlings), die F??e stehen\r\naneinander: Die H?nde sind etwas mehr als schulterbreit auseinander, die\r\nFinger zeigen leicht nach innen. Zu Beginn sind die Arme gestreckt, dann\r\nabsenken, bis die Brust den Boden ber?hrt. Die H?fte darf nicht geknickt\r\nwerden, der K?rper wird steif und gerade wie ein Brett abgesenkt. W?hrend\r\nder Abw?rtsbewegung einatmen und w?hrend der Aufw?rtsbewegung\r\nausatmen.','nicht gleichzeitiges Absenken der Schultern und der H?fte, kurze\r\nBewegungsstrecke und/oder zu schnelle Ausf?hrung.','Verletzung: Zerrung des Brustmuskels\r\nBei Bewegungen mit hoher Spannung und/oder Bewegungsstrecke f?r den Brustmuskel k?nnen Zerrungen und sogar Risse entstehen,\r\ninsbesondere an seinem Ansatz am Oberarmknochen, Zu dieser Verletzung kommt es in der Regel dann, wenn versucht\r\nwird, ein zu hohes Gewicht zu heben oderwenn der Muskel unter Belastung zu weit gestreckt wird. Bei einer leichten Zerrung reichi\r\nes in der Regel aus, auszuruhen und zu k?hlen, doch in vielen F?llen ist eine ?rztliche Behandlung notwendig.\r\nln ersterem Fall muss mindestens eine Woche lang absolute Ruhe gewahrt werden, in letzterem Fall kann es sogar zwei oder drei Monate andauern.','free'),(7,'Oberkörperheben am Barren',NULL,'Diese ?bung stellt eine ausgezeichnete Alternative zum Bankdr?cken auf der Negativbank dar, erfordertjedoch ein\r\ngewisses Vla? an Kraft, weswegen sie f?r Anf?nger nicht zu empfehlen ist, Zwar werden Trizeps und Deltamuskel\r\nstark beansprucht, doch die Hauptbeanspruchung sollte auf den Brustmuskel gerichtet sein, damit wir merken, wie\r\ner sich beim Absenken verl?ngert und wie er durch das Dr?cken auf die Griffe den K?rper wieder nach oben f?hrt.\r\nDiese Bewegung muss vorsichtig ausgef?hrt werden und sollte bei Verletzungen des Ellbogens oder der Schulter gemieden\r\nwerden.\r\nAu?er bei einem sportspezifischen Training muss diese ?bung in jedem Fall langsam ausgef?hrt werden.\r\nDie Schwierigkeit ihrer korrekten Ausf?hrung f?hrt dazu, dass sich viele Personen f?lschlicherweise mit Schwung und\r\nnur ?ber eine kurze Strecke, n?mlich mit fast gestreckten Armen bewegen, da dies der einfachste Teil der ?bung ist,',NULL,NULL,'Sie h?ngen sich mit neutralem und nicht zu breitem Griff an den Barren, der\r\nOberk?rper ist leicht nach vorne geneigt und die Beine stehen aneinander,\r\nDie Einatmung erlolgt beim senkrechten Absenken, wobei der 0berk?rper\r\nnach vorne gebeugt wird und die Beine nach vorne gef?hrt werden. W?hrend\r\ndes Absenkens werden die Ellbogen vom Oberk?rper entfernt. Unten\r\nangekommen, erfolgt bei Ausatmung eine erneute Aufw?rtsbewegung,','kurze Bewegungsstrecke, ?berm??ige Belastung des Trizeps, zu\r\nviel Zusatzgewicht, falls ein solcher bei der ?bung venryendet wird, falsche Oberk?rperhaltung\r\nbei der Bewegung und hohe Geschwindigkeit.','Proteine sind die ,,Bausteine der Muskeln. Zu den besten nat?rlichen Proteinquellen z?hlen Eier, Fisch und Fleisch. Zu den pflanzlichen\r\nQuellen geh?rt insbesondere Soja.','free'),(8,'Überzüge mit der Kurzhantel',NULL,'Diese ?bung ist f?r ge?bte Sportler geeignet. Neben dem Brustmuskel beansprucht sie auch den R?ckenmuskel und\r\ndie angrenzenden Muskeln stark. Sie galt fr?her und in der Theorie als ?bung zur ,,Weitung des Brustkorbs (siehe\r\n?bung 5, R?ckenmuskel) und zur Verbesserung der Dehnbarkeit der Brustmuskeln, Daf?r ist es wichtig, tief einzuatmen.\r\nBei dieser ?bung k?nnte mit viel Gewicht gearbeitet werden, denn die aktivierten Muskeln sind sehr stark und\r\nder Hebel ist g?nstig, doch im Allgemeinen ist dies unn?tig und kann zu einer fehlerhaften Ausf?hrung und sp?teren\r\nVerletzung f?hren. Sie sollte nicht mit dem Ziel ausgef?hrt werden, einen gr??eren Brustmuskel zu bekommen, f?r diesen\r\nZweck gibt es gezieltere ?bungen. Weiterhin ist anzumerken, dass es nicht stimmt, dass die Venruendung der Langhantel\r\nbzw. der Kurzhanteln den Unterschied zwischen einer ?bung f?r den Brust- oder den R?ckenmuskel ausmacht',NULL,NULL,'Sie liegen auf einer Bank mit dem Kopf am Rand und halten eine Kurzhantel\r\nsenkrecht nach oben. Dabei befindet sich die Stange in dem Dreieck\r\nzwischen Daumen und Zeigefingern, Mit halb gebeugten Ellbogen wird das\r\nGewicht langsam ?ber und hinter den Kopf gesenkt, Gleichzeitig tief einatmen,\r\nDie Beugung des Ellbogens bleibt unver?ndert. Es muss zu sp?ren\r\nsein, wie sich die Brustmuskeln strecken und der Brustkorb sich ausdehnt,\r\nDie Bewegung erlolgt bis senkrecht ?ber die Augen, w?hrend der Brustmuskel\r\nkontrahiert, W?hrend der Aufw?rtsbewegung ausatmen.','zu vielGewicht, falsche Atmung, zu lange oder zu kurze Bewegungsstrecke\r\nund Beugen des Ellbogens (Trizeps).','Die mentale Konzentration auf den beanspruchten Muskel spielt eine gro?e Rolle bei der Ausf?hrung der Bewegungen im Krafttraining.\r\nDies dient nicht nur der Vermeidung von Unf?llen, sondern auch der ausreichenden Reizung des Bereichs, der beansprucht werden\r\nsoll. Anderenfalls k?nnte der Muskel, der trainiert werden soll, auf die ein oder andere Weise durch andere lvluskeln ersetzt werden.','free'),(9,'Drehung mit der Kurzhantel',NULL,'Die Ubung soll so aussehen wie ,,R?ckenschwimmen (unter Ausnutzung der drei Freiheitsgrade der Schulter), wobei\njedoch nicht dieselben Muskelgruppen in derselben Weise beansprucht werden wie beijenem Sport. Diese ?bung zielt\nnicht direkt auf Volumen ab, sondern auf Beweglichkeit, und muss mit geringem Gewicht ausgef?hrt werden, Neben\ndem Brustmuskel werden auch der Deltamuskel und weitere angrenzende Vluskeln erheblich beansprucht. Als Variante\nk?nnen die Drehungen auch umgekehrt erfolgen, auf diese Weise werden dieselben 14uskeln exzentrisch (negativ)\nund umgekehrt beansprucht.',NULL,NULL,'Wir liegen auf einer Bank und halten die Kurzhanteln senkrecht - mit gegen?berliegenden Handfl?chen vor\nuns, Mit halb gebeugten Ellbogen wird das Gewicht langsam ?ber und hinter den Kopf gesenkt, Gleichzeitig einatmen\n(wie beiden ,,?berz?gen, ?bung 8). Die Beugung des Ellbogens bleibt unver?ndert, lst die H?he des\nKopfes erreicht, werden die Arme in einer Adduktion kreuzf?rmig ge?ffnet, um sie in Richtung K?rperseite zu\nf?hren. Von dieser Position aus werden sie bis zur?ck zur Ausgangsposition nach vorne und nach oben gehoben\n(Schulterbeugung). Die gesamte Bewegung muss langsam und kontrolliert erfolgen, Die Einatmung erfolgt\nbei der Abw?rtsbewegung, so wie bei den ?berz?gen, die Ausatmung am Ende der Bewegungsstrecke,','zu viel Gewicht, ?berm??ige Drehung (Zirkumduktion) der Schulter,',NULL,'free'),(10,'Rollende Liegestützen mit Kurzhanteln',NULL,'Diese ?bung wird nicht oft ausgef?hrt, da sie Kraft und Koordination erfordert, Sie eignet sich nicht f?r Anf?nger und\r\nl?sst sich in jedem Fall leicht durch andere, wirkungsvollere ?bungen ersetzen. Manche Kurzhanteln lassen sich nicht\r\nso rollen wie oben erkl?rt, doch zu diesem Zweck gibt es Gleltschienen. Eine weitere M?glichkeit w?re es, die Kurzhanteln\r\nnach vorne rollen zu lassen, wodurch sich eine erhebliche Beanspruchung der Bauch- und R?ckenmuskeln\r\nerreichen lie?e. Daf?r wird jedoch vorzugsweise mit nur einer beweglichen Scheibe gearbeitet, durch die in der Mitte\r\neine Stange f?hrt und bei der man sich auf beiden Seiten abst?tzen kann (siehe ?bung 13). Diese ?bung stellt in\r\nWahrheit keine zu bevorzugende Alternative zu den klassischen ?bungen f?r die Brustmuskeln dar, kann jedoch beim\r\nTraining au?erhalb des Kraftraums genutzt werden, wenn kein ausreichendes Gewicht vorhanden ist, um eine hohe\r\nIntensit?t bei der Ausf?hrung der ?bung zu erreichen.',NULL,NULL,'Die Haltung entspricht den ,,Liegest?tzen auf dem Boden, doch mit einander gegen?berliegenden Kurzhanteln\r\nund halb gebeugten Ellbogen. Durch das Rollen der Kurzhanteln nach au?en werden die Arme gleichzeitig\r\nge?ffnet, ?hnlich wie bei den ,,Fliegenden Bewegungen. Anhalten der Bewegung und Kontraktion des\r\nBrustmuskels, um die Hanteln zueinander zu f?hren, bis sie wieder in derAusgangsposition aneinanderliegen.\r\nBei der Abw?rtsbewegung einatmen, w?hrend der Aufw?rtsbewegung ausatmen.','falsche Technik bei der Ausf?hrung und fehlendes Aufw?rmen.','','free'),(11,'Seitliches heben der Langhantel mit einer Hand',NULL,'Dies ist eine nicht sehr verbreitete Ubung, an der vor allem der obere Bereich des Brustmuskels sowie der vordere\r\nTeil des Deltamuskels beteiligt sind. Sie kann als abschließende Übung einer Trainingseinheit genutzt werden, um den\r\nüblichen Trainingsablauf zu variieren, oder auch zum sportspezifischen Training (2, B. für manche Wurfsportarten).\r\nEine weitere Möglichkeit wäre es, diese Übung im Siizen oder auf Knien auszuführen und die Langhantel dabei auf\r\ndem Boden aufzustützen, Die Übung wird nur in bestimmten Sportarten, bei denen eine ähnliche Bewegung ausgeführt\r\nwird, für das Training genutzt. Für andere Zwecke hat sie keine große Bedeutung.',NULL,NULL,'Diese Ubung wird im Stehen ausgeführt. Eine Langhantel mit einer Scheibe wird am Ende von einer Hand im\r\nObergriff gehalten und in der Mitte von der anderen Hand im Untergriff. Die Hand am Ende der Stange bleibt\r\nruhig, während die andere Hand das Gewicht in einem Halbkreis bis zur Senkrechten hebt, Dann lässt sie die\r\nStange sanft bis in die Ausgangsstellung absinken. Bei der Abwärtsbewegung einatmen, am Ende der Aufwärtsbewegung\r\nausatmen.','zu viel Gewicht und falsche Technik','Es gibt keine einzige Sportart, bei der Krafttraining schaden würde. lm Gegenteil, für die meisten Sportarten ist es überaus nützlich.','free'),(12,'Bankdrücken mit gestrecktem Arm',NULL,'Die übung wird bei einem umfassenden Brustmuskeltraining als Ergänzung genutzt oder zur Rehabilitation bei Problemen\r\nwie,,Engelsflügeln\" und Ahnlichem (Schwäche oder Schwund des Unterschulterblattmuskels usw.).Obwohl\r\nder Name der Übung es vermuten lässt, werden die Ellbogen bei korrekter Ausführung nicht vollständig bis zur Blockierung\r\nausgestreckt, sondern in leicht gebeugter Haltung fixiert, damit das Gewicht von den umgebenden Muskeln\r\ngetragen wird, nicht von den Bändern. Nur bei sehr geringer Last darf eine vollständige Streckung erfolgen, z. 8.,\r\nwenn nur mit der Hantelstange gearbeitet wird.',NULL,NULL,'Die Ausführung erfolgt in der gleichen Haltung wie beim Bankdrücken (siehe Übung 1 ) - mit der Langhantel\r\noder mit Kurzhanteln -, doch in diesem Fall sind die Ellbogen zu keiner Zeit gebeugt und es wird mit viel weniger\r\nGewicht gearbeitet. Die Bewegung besteht nur in einem Anheben der Schultern um ein paar Zentimeter,\r\njedoch weit genug, um die Sägemuskeln und den Unterschulterblattmuskel zu beanspruchen. Beim Absenken\r\nder Langhantel einatmen, beim Anheben ausatmen,','Ausführung wie beim herkömmlichen Bankdrücken durch Beugen\r\nder Ellbogen und falsche Bewegungsstrecke.',NULL,'free'),(13,'Überzüge auf Kurzhanteln auf dem Boden',NULL,'Es handelt sich um eine Ubung für Fortgeschrittene, die darüber hinaus eine starke isometrische Kontraktion der\r\nBauchmuskeln erJordert. Sehr schweren lYenschen wird die Ausführung schwerfallen, sie können jedoch versuchen,\r\nanstelle der Füße die Knie aufzustützen. Sie bietet keine großen Vorteile im Vergleich zu den herkömmlichen Übungen.\r\nNützlicher ist es, eine einzelne Scheibe zu verwenden, durch die in der Mitte eine Stange führt, auf der man sich\r\nabstützen kann, oder eine speziell für diesen Zweck gedachte Rolle. Zwar wird diese Übung hier gemeinsam mit weiteren\r\nÜbungen für die Brust aufgeführt, doch sie beansprucht auch den Rückenmuskel sehr stark,',NULL,NULL,'Die Ausgangsposition ist dieselbe wie bei der Übung ,,Rollende Liegestützen\r\nmit Kurzhanteln\" (siehe Übung\'10), doch nun sind die Hanteln nach\r\nvorne gerichtet, Sie werden nach vorne gerollt, der Oberkörper nähert sich\r\ndem Boden und kehrt anschließend in die Ausgangsposition zurück, Bei der\r\nAbwärtsbewegung einatmen, unten die Luft anhalten und am Ende der Aufwärtsbewegung\r\nausatmen,','falsche Technik und Durchbeugen des Oberkörpers, aber kein\r\nAusstrecken der Arme bei der Aufwärtsbewegung.',NULL,'free'),(14,'Bankdrücken am Gerät',NULL,'Die Ausführung entspricht im Grunde dem Bankdrücken mit der Langhantel (siehe Ubung 1 ) oder mit Kurzhanteln\r\n(siehe Übung 4), doch nun wird das Gewicht vom Gerät geführt, mit allem, was daraus folgt (siehe ,,Geräte und freie\r\nGewichte\" in der Einleitung zu diesem Buch). Bei der Aufwärtsbewegung muss mit dem Brustmuskel so gedrückt werden,\r\nals könnte zusätzlich zur Aufl,trärtsbewegung eine Umarmung erfolgen, um zu vermeiden, dass ein Großteil der\r\nArbeit von den Deltamuskeln und den Trizeps geleistet wird. Die Übung ist für Anfänger geeignet. Bei einem gut konstruierten\r\nGerät wird das Gewicht oben, bei gestreckten Armen, abgenommen.\r\nEs gibt ein Gerät, bei dem lm Sitzen senkrecht (nach unten) gedrückt wird. Diese Bewegung ähnelt stark der Übung\r\n,,Oberkörperheben am Barren\" (siehe Übung 7).\r\nDarüber hinaus ist auch hier die Variante mit gestreckten Ellbogen möglich, wie bei der Übung ,,Bankdrücken mit der\r\nLanghantel oder mit Kurzhanteln und gestreckten Armen\" (siehe Übung 12) oder beim ,,Bankdrücken an der Multipresse\r\nmit gestreckten Ellbogen\" (siehe Ubung 15,4)',NULL,NULL,'Sie liegen auf der flachen Bank des Geräts, die Füße stehen auf dem Boden\r\n(wenn die Bank niedrig ist) oder auf einer Erhöhung, Die Griffe werden im\r\n0bergriff senkrecht über der Brust gehalten, in einem etwas mehr als schulterbreiten\r\nAbstand und vorzugsweise mit dem Daumen unter dem Griff.\r\nWährend der Abwärtsbewegung einatmen, bis auf die Höhe des mittleren\r\nBrustbereichs absenken und wieder senkrecht nach oben drücken, Die Ellbogen\r\nbleiben senkrecht zum Körper (auseinander), werden jedoch oben\r\nnicht blockiert. Während der Aufwärtsbewegung ausatmen.','falsch eingestellte Haltung am Gerät, übermäßige Belastung des Trizeps,\r\nBlockieren der Ellbogen in der oberen Position und ungleicher Kraftaufwand der beiden Arme.',NULL,'gerät'),(15,'Bankdrücken an der Multipresse',NULL,'Beinahe alles, was zum ,,Bankdrücken am Gerät\" gesagt wurde (siehe Übung t4) gilt auch für diese Übung, denn\r\nsie ist sehr ähnlich. Der Hauptvorteil der Multipresse besteht darin, dass das Gewicht von oben abgenommen werden,\r\ndass der Satz jederzeit beendet werden (durch reines Drehen der Stange und Einrasten) und dass die Bank\r\nunterschiedllch stark geneigt werden kann. Gute f4odelle dieses Geräts verfügen über einen Anschlag, damit die\r\nStange nicht tiefer als gewünscht abgesenkt werden kann (zur Orientierung und zur Sicherheit).\r\nUnter den Geräten, die in Sportstudios anzutreffen sind, ist es möglicherweise das vielfältigste.',NULL,NULL,'Sie liegen an der Multipresse/Smith-Maschine (mit seitlichen Schienen) auf\r\nder flachen Bank, Die Füße stehen auf dem Boden (bei einer niedrigen Bank)\r\noder auf einer Stufe, ihr Abstand ist etwas mehr als schulterbreit, Der Daumen\r\nmuss unter der Stange liegen (den übrigen Fingern gegenüber).\r\nDie Langhantel wird aus der Halterung genommen, mit den Händen gedreht,\r\ndamit sie beim Absenken nicht anstößt, und abgesenkt, bis sie die Brust im\r\nunteren Bereich berührt. Anschließend wieder nach oben drücken,\r\nDie Ellbogen bleiben senkrecht zum Körper (gelöst). Während der ersten\r\nHälfte der Abwärtsbewegung einatmen, während der Aufwärtsbewegung\r\nausatmen.','falsch eingestellte Haltung am Gerät, Abfedern der Stange vom\r\nOberkörper, Blockieren der Ellbogen in der oberen Position, ungleicher Krafteinsatz\r\nder beiden Arme und Positionierung des Daumens auf der gleichen Seite wie die anderen\r\nFinger,',NULL,NULL),(16,'Kabelzüge über Kreuz',NULL,'Diese Ubung ist gut geeignet, um die Brustmuskeln zu isolieren und eine gute Durchblutung zu erzielen, nlcht so sehr,\r\num mit schweren Gewichten zu arbeiten (wenn auch durchaus mit mittelschweren Gewichten), wegen der Spannung\r\nauf Ellbogen und Schultern. Als Besonderheit ist hervorzuheben, dass es sich hier um eine der wenigen Brustmuskelübungen\r\nhandelt (gemeinsam mit den verschiedenen fliegenden Bewegungen), beidenen nicht im Wesentlichen\r\nder Trizeps beansprucht wird (nur als Haltemuskel), sondern der Bizeps; Letzterer kann gefährdet sein, wenn die\r\nTechnik nicht einwandfrei ist, das Gewicht zu hoch oder wenn das Ellbogengelenk beim Öffnen zu sehr gestreckt wird.\r\nWird der 0berkörper stärker senkrecht gehalten, während die gekreuzten Arme unten gehalten werden, verlagert\r\nsich die Beanspruchung auf den weiter unten liegenden Bereich des Brustmuskels, Das Gleiche gilt umgekehrt,',NULL,NULL,'Sie stehen zwischen den beiden Seilzügen, Die Beine sind leicht gebeugt\r\n(vorzugsweise ist ein Bein nach vorne gestellt), Der Oberkörper ist leicht\r\ngebeugt (ca, 1 5\" bis 45\') und die Bauchmuskeln sind fest.\r\nBegonnen wird mit überkreuzten Armen und halb gebeugten Ellbogen. Die\r\nArme werden wie bei einer Umarmung nach vorne und nach unten zusammengeführt\r\n(beinahe eine ,,waagerechte Adduktion\"). Dabei bleibt die Beugung\r\nüber die gesamte Bewegungsstrecke gleich. Beim Öffnen der Arme\r\neinatmen, am Ende des Zusammenführens ausatmen.','Ausführung als Bankdrücken, obwohl eine andere Art fliegende\r\nBewegung ausgeführt werden soll (durch zu hohes Gewicht oder mangelnde Technik),\r\nzu starkes Schwanken mit dem Oberkörper, um die Übung zu erleichtern, und\r\nEinstellung eines zu geringen Gewichts.',NULL,NULL),(17,'Fliegende Bewegung am Seilzug von unten',NULL,'Zu berücksichtigen sind die Erläuterungen der Ubung,,Fliegende Bewegung mit Kurzhanteln\" (siehe Ubung 5), mit\r\ndem Unterschied, dass die Spannung auch am Ende der Bewegung (wenn beide Hände oben zusammengeführt werden)\r\nhoch bleibt, Dies ist das beste Beispiel dafür, dass freie Gewichte nicht immer besser sind als Geräte, denn bei\r\ndieser Übung erwelsen sich die Seilzüge als sehr wirkungsvoll,',NULL,NULL,'Diese Ubung er{olgt im Liegen auf einer flachen Bank, Die Füße stehen auf\r\ndem Boden (bei einer niedrigen Bank) oder auf einer Stufe. Die Griffe der\r\nSeilzüge werden waagerecht über die Brust gezogen, die Ellbogen sind\r\nhalb gebeugt, die Handflächen liegen einander gegenüber (die Knöchel zeigen\r\nnach außen),\r\nWährend der Abwärtsbewegung einatmen. Absenken bis auf Höhe der Brust\r\n(je nach Dehnbarkeit), ohne die Beugung des Ellbogens zu verändern;\r\ndann wieder senkrecht nach oben und zur Vlitte bewegen, Die Ellbogen\r\nbleiben senkrecht zum Körper (auseinander), wie bei einer ,,Umarmung\".\r\nWährend der Aufwärtsbewegung ausatmen.','kurze Bewegungsstrecke bei der Öffnung aufgrund zu kurzer\r\nKabel oder zu nahe beieinander stehender Seilzüge, Bankdrücken anstelle fliegender\r\nBewegungen, mangelnde Konzentration der Belastung auf den Brustmuskel und\r\nzu starke Verlagerung der Anstrengung auf die Deltamuskeln.','Der große Brustmuskel dient dem Vorführen des Arms bis ungefähr 60\", ab dort führt er die gegenteilige\r\nBewegung aus. Dies erklärt, warum er bei Übungen wie ,,Kurzhantelfrontdrücken\" für den Deltamuskel\r\n(siehe Übung 3, ,,schultern und Nacken\" und bei ,,Klimmzüge im Untergriff/für den Bizeps\"\r\n(siehe Übung 1.3 ,,Rückenmuskeln\") beteiligt ist.','gerät'),(18,'Butterfly',NULL,'lsoliert in optimaler Weise die Brustmuskeln, ohne den Trizeps einzubezlehen, und ermöglicht bei einer mittleren\r\noder hohen Zahl an Wiederholungen eine gute Durchblutung. Aufgrund ihrer Einfachheit empfiehlt sich diese Übung\r\nfür Anfänger und aufgrund der gezielten Einbeziehung der Muskeln auch für Fortgeschrittene (hervorragende Ergänzung\r\ndes ,,Bankdrückens\", Übung 1 ). Zusätzliches tiefes Einatmen trägt zu einer Weitung des Brustkorbs bei (siehe\r\n,,Fliegende Bewegung mit Kurzhanteln\", Übung 5). An diesem Gerät muss, wie beianderen Geräten auch, das Gewicht\r\nmit den Füßen gelöst werden, um beim Aufnehmen und Lösen der Last Verletzungen zu vermeiden,\r\nTraditionell wird die Ansicht vertreten, dass es in der Phase der weitesten Öffnung zur stärksten Einbeziehung der\r\nkörperfernen (äußeren) Fasern des Brustmuskels kommt und beim Schließen die körpernahen Fasern (also die inneren\r\nbzw, Brustbeinfasern) einbezogen werden. ln Wirklichkeit betrift die Beanspruchung jedoch den gesamten\r\nBrustmuskel, da es zwischen den beiden Bereichen keine Muskelansätze gibt. Schließlich lässt sich die Beanspruchung\r\ndes Brustmuskels theoretisch leicht zum oberen oder unteren Bereich hin verlagern, indem wir die Griffe\r\netwas höher bzw. tiefer einstellen, doch das ist nicht erforderlich',NULL,NULL,'Sie sitzen am Gerät und lehnen den Rücken an. Der Ellbogen ist auf mittlerer\r\nBrusthöhe um ca, 90\" gebeugt, Sie halten die Griffe und schieben mit\r\nden Ellbogen, um sie vor dem Körper zusammenzuführen oder anzunähern.\r\nBeim Einatmen die Arme so weit öffnen, wie es die Beweglichkeit zulässt\r\n(zur Sicherheit weniger weit öffnen, je mehr Gewicht verwendet werden\r\nsoll) und beim Schließen ausatmen.','unangemessene Bewegungsstrecke (eine kurze Strecke reicht\r\nnicht aus, eine lange Strecke führt zu Verletzungen), Lösen der Ellbogen und Schieben\r\nmit den Händen, um die Schultern verstärkt zu Hilfe zu nehmen, und Aufnehmen\r\nund Ablegen des Gewichts, ohne die Last am Gerät zu lösen.',NULL,'gerät'),(19,'Überzüge am tiefen Seilzug',NULL,'Entspricht der übung mit Kurzhanteln oder mlt der Langhantel (siehe Übung B). Ebenso wie in diesen Fällen wird dieser\r\nSatz von überzügen üblicherweise eingesetzt, um den Brustkorb zu ,,weiten\" und die Dehnbarkeit der Brustmuskeln\r\nzu erhöhen, obwohl bei dieser Übung auch der Rücken und die angrenzenden Muskeln stark beansprucht\r\nwerden. Dafür ist ein tiefes Einatmen bei der Abwärtsbewegung wichtig. Diese Übung sollte nicht mit dem Ziel der Vergrößerung\r\ndes Brustmuskels ausgeführt werden\'',NULL,NULL,'Sie liegen auf einer Bank, mit dem Kopf am Rand, und halten die Stange bzw. das Seil (am tiefen Seilzug befestigtjvor\r\nihre Augen, Mit halb gebeugten Ellbogen wird das Gewicht langsam über und hinter den Kopf gesenki.\r\nGleichzeitig tief einatmen, Di. B.rgrng des Ellbogens bleibt unverändert, Die Dehnung der Brustmuskeln\r\nmuss zu spüreniein. Die Bewegung erfolgt bis senkrecht über die Augen, während der Brustmuskel kontrahiert\r\nwird. Am Ende der Aufwärtsbewegung ausatmen','zu vlelGewicht, falsche Atmung, zu lange oder zu kurze Bewegungsstrecke,\r\nBeugen des Ellbogens (Trizeps) und Auswärtsdrehung der Arme.',NULL,'gerät'),(20,'Dips am Barren',NULL,'Wie bei den freien Gewichten erläutert, ist dies eine bessere Alternative zum Bankdrücken auf der Negativbank, mit\r\ndem Vorteil, dass das Abstützen für den Anfänger eine Erleichterung darstellt. Zwar wird der Trizeps stark beansprucht,\r\ndoch die Hauptbelastung sollte auf dem Brustmuskel liegen, damit wir spüren, wie er sich beim Absenken\r\nverlängert und wie er durch das Drücken auf die Griffe den Körper wieder nach oben bewegt. Vorsicht ist geboten\r\nbei Verletzungen des Ellbogens oder der Schulter, Könner und Fortgeschrittene sollien sich nicht täuschen lassen,\r\nbei nur schwachem Abstützen und langsamen Bewegungen kann die Übung sehr anspruchsvoll sein',NULL,NULL,'Die Ausführung erfolgt wie bei der Variante mit freien Gewichten (siehe Ubung 7), jedoch mit Abstützen auf dem\r\nGerät, Das heißt, Sie stützen sich mit neutralem, mäßig breitem Griff auf den Barren, den Oberkörper aufrecht,\r\ndie Beine zusammen, Einatmen, dabei absenken und den Oberkörper nach vorne beugen und die Füße oder\r\nKnie auf dem Gestell abstützen (je nach Konstruktion des Geräts). Während der Abwärtsbewegung werden die\r\nEllbogen vom 0berkörper weg bewegt, Unten angekommen, wird der Körper erneut nach oben gedrückt, dabei\r\nausatmen,','kurze Bewegungsstrecke, übermäßige Belastung des Trizeps,\r\nfalsche Oberkörperhaltung während der Bewegung.',NULL,'gerät'),(21,'Klimmzüge',NULL,'Sie hängen an einer waagerechten Stange, die Hände befinden sich\r\nim 0bergriff (Knöchel zeigen nach hinten) und sind mehr als schulterbreit\r\nauseinander. Mithilfe der Rückenmuskeln nach oben ziehen,\r\nso dass sich der obere Bereich der Brust der Stange nähert. Gleichzeitig\r\nden Oberkörper leicht nach hinten beugen, Die Beine hängen\r\nlocker nach unten oder sind hinten überkreuzt. Dabei können die Knie\r\ngebeugt sein oder nicht. Während der ersten Hälfte der Abwärtsbewegung\r\neinatmen, am Ende der Aufwärtsbewegung ausatmen.',NULL,NULL,'Hervorragende Grundübung, die aber den Rücken und die Arme stark beansprucht, Gut geeignet, um in\r\ndiesem Bereich an Breite zu gewinnen (auch wenn dies stark vom Körperbau jedes Einzelnen abhängt),\r\nDie Bewegung muss senkrecht, auf einer Linie und vollständig erfolgen; Schwanken zu den Seiten und\r\nSchwungholen des 0berkörpers sind Zeichen fehlerhafter Technik. Fortgeschrittene, die viele Wiederholungen\r\nschaffen, können sich ein Gewicht an den Haltegurt hängen (siehe Übung 7,2, ,,Brustmuskeln\"), doch\r\nes wird empfohlen, zunächst das Tempo der Übung zu drosseln und die Zahl der Wiederholungen zu erhöhen,\r\nbevor mit Zusatzgewichten gearbeitet wird, denn wenn diese zu schwer sind, könnte ein Gelenk, der\r\nTrizeps oder sogar die Wirbelsäule zu Schaden kommen,\r\nAnfänger sollten Geräte des Typs ,,Latziehen zur Brust\" wählen (Übung 8). Durch einen engen Griff werden\r\ndie Arme stärker miteinbezogen und ein Teil der Belastung zur Mitte des Rückens hin verlagert. Auch\r\nwird die Bewegungsstrecke länger. Dies ist die Reihenfolge der im Folgenden erklärten Varianten nach\r\nihrem Schwierigkeitsgrad: 1.6; 1 ,4; 1 ,3; 1 ,2; 1 .5.','hohe Geschwindigkeit, unvollständige Bewegungsstrecke, Balancieren mit\r\ndem Körper, Beugen des Oberkörpers und Vorwärtsstrecken der Ellbogen, um die Brustmuskeln\r\nzu Hilfe zu nehmen, Beugen der Knie, um Schwung zu holen, zu weit geöffneter Griff,\r\nDurchstrecken der Arme beim Absenken','Die Venvendung hochwertiger Handschuhe beim Training ist sehr zu empfehlen. Das ist nicht nur hygienischer als das Training mit bloßen\r\nHänden, es schützt auch vor Verletzungen (vor allem Verletzungen durch die Reibung an den Stangen) und verhindert, dass sich durch\r\nden Schweiß der Griff löst.','free'),(22,'Langhantelrudern',NULL,'Es handelt sich um eine Grundübung (auch ,,Französisches Rudern\" genannt), jedoch werden alle Rückenmuskeln stark\r\nbeansprucht, hauptsächlich der breite Rückenmuskel, Sie eignet sich hervorragend, um in diesem Bereich mehr Dicke\r\nzu erzielen (mittlere Fasern) und allgemein die Kraft zu steigern, denn sie beansprucht auch den Rumpf und die\r\nBeine isometrisch.\r\nAnfänger sollten sie am Gerät ausführen. Trainierte Sportler könnten schweres Gewicht venvenden, doch das erfordert\r\neine einwandfreie Technik und bringt gewisse Risiken mit sich, vor allem für den Lendenbereich (wichtig: siehe\r\n,,Kreuzheben\", Übung 9, ,,Bauch- und Lendenmuskeln\"). Die hier erläuterte Atmung ist etwas untypisch, doch unerlässlich,\r\num die Wirbelsäule vor Verletzungen zu schützen. Zur Orientierung, ob die Haltung korrekt ist, kann man die\r\nStirn an eine Bank oder eine andere Stütze legen (nicht abstützen). Es gibt sicherere und eher zu empfehlende\r\n:\'i l #\r\nsi.,\r\nVarianten (siehe Ubung 2,5, Ubung 1 1 usw,)',NULL,NULL,'Wir stehen mit geradem Oberkörper, die Hüfte um ca. 45\" gebeugt, die\r\nKnie sind leicht gebeugt, die Arme gestreckt. Die Stange wird im Obergriff\r\n(Handflächen in Richtung des Körpers) gehalten, der Abstand der\r\nHände ist etwas mehr als schulterbreit. Wir ziehen die Stange mit den\r\nArmen bis zur Bauchgegend nach oben, wobei die Ellbogen gebeugt\r\nwerden. Kurz vor dem Absenken des Gewichts durch den Mund tief einatmen,\r\ndie Luft während der Bewegung anhalten und am Ende der Aufwärtsbewegung\r\n(schnell) ausstoßen, Es ist darauf zu achten, dass die\r\ndurch das Zurückhalten von etwas Luft erzielte Anspannung nicht nachlässt,\r\ndenn sie hilft, den Oberkörper zu stabilisieren,','Schaukeln mit dem Körper durch Strecken, unvollständiges Ausführen\r\nder Sätze oder der Bewegungsstrecke, Beugen des Rückens, Führen der\r\nStange in Richtung Brust und falsche Atmung,','Der Körperschwerpunkt ist ein imaginärer Punkt, der das Zentrum des Gewichts eines Gegenstandes darstellt. Beim Menschen ist es ein\r\nGleichgewichtspunkt aller Teile des Körpers, Bei den meisten Menschen befindet er sich in der Nähe des Beckens (bei Beibehaltung einer\r\nanatomischen Haltung), auch wenn dies von der Statur und der Länge der Körperteile abhängt, vom Gewicht und seiner Verteilung, von\r\nder eingenommenen Körperhaltung usw.','free'),(23,'Rudern mit der T-Stange',NULL,'Beim Rudern mit der T-Stange gelten beinahe alle Anmerkungen der Ubung ,,Langhantelrudern\" (siehe Ubung 2).\r\nDoch die Haltung ist bequemer und belastet die Wirbelsäule etwas weniger, da die Belastung schräger ansetzt, lst\r\nkeine spezielle Stange verfügbar, kann die Stange auf dem Boden in einer Ecke abgestützt werden, mit den Scheiben\r\nam beweglichen Ende und mit einer Querstange, an der gezogen wird. AII dies kann die Bewegungsstrecke der\r\nÜbung verkürzen, wenn die Scheiben bei der Aufwärtsbewegung an den Oberkörper stoßen. Daher sollten dicke\r\nScheiben mit geringem Durchmesser verwendet werden sowie eine Stange mit geschwungenem Griff.\r\nEs gibt eine gleichwertige Übung an einem Gerät mit Gewichtsplatten, doch dieses Gerät ist nicht weit verbreitet, da\r\nes nicht sehr vielseitig ist.',NULL,NULL,'Wir stehen mit geradem Oberkörper, die Hüfte um ca. 45\" gebeugt, die\r\nKnie sind leicht gebeugt, die Arme gestreckt, Die T-Stange wird im 0bergriff\r\n(Handflächen in Richtung des Körpers) gehalten. Wir ziehen die Stange mit\r\nden Armen bis zur Bauchgegend nach oben, wobei die Ellbogen gebeugt\r\nwerden. Gleichzeitig kann als leichte Begleitbewegung der ganze Körper\r\netwas einbezogen werden. Aufgrund der Haltung wird kurz vor dem Absenken\r\ndes Gewichts eingeatmet, dann die Luft angehalten und während\r\ndes letzten Drittels der Aufwärtsbewegung ausgeatmet, ohne die gesamte\r\nLuft rauszulassen,','Schaukeln mit dem Körper durch übermäßiges Strecken, unvollständiges\r\nAusführen der Sätze oder der Bewegungsstrecke, Beugen des Rückens\r\noder sonstige fehlerhafte Haltungen,',NULL,'free'),(24,'Kurzhantelrudern',NULL,'Dies ist eine traditionelle Übung für Anfänger und Fortgeschrittene, bei der mit sehr viel Gewicht und geringem Risiko\r\nfür den Rücken gearbeitet werden kann. Die Schwierigkeit besteht darin, hierbei tatsächlich die Rückenmuskeln\r\nzu beanspruchen, Die Bewegung soll deswegen senkrecht edolgen, weil die Last stets entgegen der Schwerkraft geführt\r\nwerden (das ist eine Vorgabe bei der Verwendung ,,freier Gewichte\") und sich die Belastung auf den Rückenmuskel\r\nkonzentrieren soll, Daher ist es falsch, die Kurzhantel schräg vom Kopf bis zur Hüfte zu führen. Geübtere und\r\nFortgeschrittene, die mit viel Gewicht arbeiten wollen, können versuchen, beide Füße auf den Boden zu stellen. Dabei\r\nwird das Bein, das zuvor auf die Bank gestützt war, nach vorne genommen.',NULL,NULL,'Sie stützen sich mit der Hand und dem Knie der gleichen Seite auf eine\r\nwaagerechte Bank, während die andere Hand die Kurzhantel im neutralen\r\nGriff hält. Das ausgestreckte oder halb gebeugte Bein ist diagonal auf den\r\nBoden gestellt und steht leicht hinter dem Körper (je nach Größe), damit\r\nder Oberkörper in der Horizontalen und auf einer Linie bleibt. Aus der tiefsten\r\nHaltung heraus, die sich durch Dehnen des Rückenmuskels einnehmen\r\nlässt, ziehen Sie (als würden Sie ein Stück Holz sägen) und bewegen so die\r\nKurzhantel zur Hüfte. Die Bewegung des Ellbogens verläuft nahe am 0berkörper,\r\nder Unterarm bewegt sich senkrecht zum Boden. Kurz vor der Aufwärtsbewegung\r\neinatmen, oben die Luft anhalten und am Ende der\r\nAbwärtsbewegung ausatmen.','Anheben des Gewichts bis zur Schulter, Absenken nach vorne statt in\r\nder Senkrechten, zu starkes Drehen des 0berkörpers bei der Aufwärtsbewegung, zu geringes\r\nGewicht, Beugen des Oberkörpers aufgrund eines genau senkrecht stehenden Fußes\r\n(2. B, bei einer niedrigen Bank) und Abweichen des Oberkörpers von der Waagerechten.','Ein Trick, um zwei oder drei zusätzliche Wiederholungen am Ende des Satzes zu schaffen: am Ende ein paar Sekunden anhalten, ohne das\r\nGewicht abzulegen, drei- oder viermal atmen und die eine oder andere weitere Wiederholung versuchen. Manche Bodybuilder praktizieren\r\nseit Längerem etwas Ahnliches und nennen diese Technik beispielsweise ,,Pause und Erholung\". Bei hohen Lasten kann diese Technik bei\r\njeder Wiederholung angewandt werden, wobei beim Blockieren einiger Gelenke in der gestreckten Haltung Vorsicht geboten ist (2. B. ,,Bankdrücken\",\r\n,,Beinpresse\" usw.). Daher sind eine sehr ausgereifte Technik und höchste Konzentration erforderlich.','free'),(25,'Seitziehen mit einer Hand',NULL,'Dies ist eine leichte Übung, Sie eignet sich für Anfänger oder zum Aufwärmen, Doch trotz ihrer Einfachheit muss es\r\ngelingen, die Belastung auf den Rückenmuskel zu konzentrieren, indem der Körper über die gesamte Bewegungsstrecke\r\nhinweg zur Seite bewegt wird. Anderenfalls übernehmen die Beugemuskeln des Arms die gesamte Arbeit. ln\r\nder freien Hand kann ein Zusatzgewicht gehalten werden. Es handelt sich um eine Übung, die sich auch außerhalb\r\ndes Kraftraums in den Tagesablauf integrieren lässt, wenn keine Geräte verfügbar sind.',NULL,NULL,'Wir stehen mit einer Seite an einerfesten (waagerechten oder besser senkrechten) Stange, Die Füße befinden\r\nsich nahe an der Stange und wir halten uns mit einer Hand an ihr fest, während die andere auf der Hüfte liegt.\r\nDer Körper fällt steif zur Seite, die Füße bleiben stehen. Anschließend am Arm ziehen, um ihn wieder heranzuführen,\r\ndabei nähert sich der Ellbogen der Seite,\r\nWährend der ersten Hälfte der Bewegung einatmen, während der zweiten Hälfte ausatmen,','ruckartige Bewegungen ohne konstante Anspannung, zu starke\r\nEinbeziehung des Arms und gebeugte Haltung des Körpers.','Das Aufwärmen lässt sich sehr treffend und knapp charakterisieren: Es ist unverzichtbar','free'),(26,'Langhantel hinter Rücken gerade Arme',NULL,'Diese Ubung ist insofern recht ungewöhnlich, als der hintere Teil des Deltamuskels stark beansprucht wird. Aufgrund\r\nder bei dieser Variante sehr charakteristischen Kontraktion des Rückenmuskels empfiehlt sie sich nur als Abschluss\r\neiner Trainingseinheit und als Abwechslung im üblichen Trainingsablauf, Wie beim ,,Kurzhantelrudern\" mit gestreckten\r\nArmen (siehe Übung 4.4) kommt es zu einer starken isometrischen Kontraktion des Trizeps, aber sein langer Kopf,\r\nder zweigelenkig über Ellbogen- und Schultergelenk zieht, ist ebenfalls aktiv an der Bewegung beteiligt.',NULL,NULL,'Die Ausführung erfolgt ähnlich wie beim ,,Langhantelrudern\" (siehe Übung 2), doch diesmalwird die Stange\r\nhinter den Beinen gehalten und durch das Strecken der Schultern hinter dem Körper angehoben,\r\nZu Beginn des Anhebens des Gewichts einatmen, dann die Luft bis zum Ende der Abwärtsbewegung anhalten.','fehlerhafte Haltung, übermäßiges Gewicht und ruckartige\r\nSchwungbewegungen.',NULL,'free'),(27,'Latziehen am Gerät',NULL,'Diese Ubung ermöglicht eine strikte Beanspruchung des Rückenmuskels und der angrenzenden lYuskeln, sie eignet\r\nsich sehr gut für Anfänger, Dieses Gerät ist aufgrund seiner mangelnden Vielseitigkeit nicht in vielen Trainingsräumen\r\nanzutreffen, im Gegensatz zum ,,Kabelzug\" (siehe Übung 9), mit dem sich die gleiche Wirkung erzielen lässt und der\r\nein leichteres Wechseln der Griffarten ermöglicht. Es muss jedoch darauf hingewiesen werden, dass das seltene Vorhandensein\r\ndieses Gerätes in den Studios auf geschäftliche und wirtschaftliche Gründe zurückzuführen ist, nicht so\r\nsehr auf seinen mangelnden Nutzen für das Rückentraining, denn dieser ist der der Klimmzüge sehr ähnlich, Eine Besonderheit\r\ndieses Geräts besteht darin, dass der Kopf durch die Griffe hindurchgestreckt werden kann, nicht wie bei\r\nKlimmzügen oder beim Latziehen (es seidenn, man hat es mit geteilten Stangen zu tun).',NULL,NULL,'Wir sitzen mit geradem Rücken, fassen die Griffe des Geräts im Obergriff (die\r\nKnöchel zeigen nach hinten) und ziehen die Ellbogen senkrecht an den\r\nKörper: Die Bewegungsstrecke führt von der beinahe maximalen Streckung\r\nbis zur Kontraktion am unteren Punkt am Oberkörper. Beim Anheben der\r\nArme einatmen, nach ihrem Absenken nahe dem Oberkörper ausatmen,\r\nohne die gesamte Luft herauszulassen; bei leichten Lasten kann die Atmung\r\numgekehrt erfolgen,','Beugen des 0berkörpers nach vorn, um die Brust- und Bauchmuskeln\r\nzu Hilfe zu nehmen, unvollständige Ausführung der Bewegungsstrecke und\r\nzu geringes Gewicht.','lst das Wachstum abgeschlossen, kann keine Muskelübung die Statur des Menschen vergrößern. Doch da sich die Bandscheiben rehydrieren,\r\nwenn während des Ausruhens in der Horizontalen kein Druck auf ihnen lastet (2. B. während des Schlafs), nimmt ihre Größe etwas zu.\r\nDaher sind wir morgens etwas größer als abends.','gerät'),(28,'Latziehen zur Brust',NULL,'Es handelt sich um eine hervorragende Ubung, die sowohl Fortgeschrittene als auch Anfänger ausführen können. Letzteren\r\nkann sie als Vorbereitung auf die späteren Klimmzüge dienen (siehe Übung t ), die Beteiligung der Muskeln ist\r\nmit jener Übung beinahe identisch. Die stärkste Beanspruchung des Rückens findet im äußeren und oberen Bereich\r\nstatt, was sehr geeignet ist, um ein paar Millimeter an Breite zu gewinnen (auch wenn dies stark vom Körperbau abhängt).\r\nEs muss sich so anfühlen, als würden die Ellbogen ,,an die Seite herangeführt\" und als würden die Hände\r\nnur als Haken dienen. Fortgeschrittene müssen aufpassen, dass sie nicht zu viel Gewicht verwenden, um den Trizeps\r\nund andere Muskeln nicht zu schädigen. Häufig wird lieber der ,,falsche Griff\" venrvendet, das heißt, der Daumen liegt\r\nebenfalls oberhalb der Stange, doch dies ist nur zulässig, wenn dabei ein fester Halt möglich ist.',NULL,NULL,'Wir setzen uns an das Latzug-Gerät, mit den Beinen unter den Stützrollen.\r\nDer Rücken ist gerade. Wir fassen die Stange mehr als schulterbreit im\r\n0bergriff (mit den Knöcheln nach hinten), Die Stange wird in Richtung des\r\noberen Brustmuskelbereichs gezogen, während der Rücken leicht gebeugt\r\nwird. Dabei weitet sich die Brust und der Körper wird leicht nach hinten geneigt.\r\nDie Ellbogen bewegen sich senkrecht zu den Seiten nach unten, Beim\r\nAnheben der Arme einatmen, nach ihrem Absenken nahe dem Oberkörper\r\nausatmen, ohne die gesamte Luft herauszulassen; bei leichten Lasten kann\r\ndie Atmung umgekehrt erfolgen,','Herabziehen der Stange bis zum Bauch (zu wenig Gewicht), Beugen\r\ndes Oberkörpers, um die Brust- und Bauchmuskeln zu Hilfe zu nehmen, unvollständige\r\nAusführung der Bewegungsstrecke, Strecken des Oberkörpers, um den Lendenmuskel zu\r\nHilfe zu nehmen und asymmetrischer Griff oder zu großer Abstand der Hände an der Stange.','Bodybuilder der alten Schule hielten von ,,Klimmzügen\" stets mehr als vom ,,Latziehen\" für den Rückenmuskel;vor allem, wenn eine Übung\r\nmit freien Gewichten mit einer Übung am Gerät verglichen wurde. Was die eingesetzten Muskeln und die lntensität für die Muskeln angeht,\r\nsind beide Übungen jedoch nahezu identisch. Anfänger werden es bei den ersten Versuchen kaum nach oben schaffen (zumindest nicht\r\nmit einer guten Technik), und Fortgeschrittene tragen in der Regel einen kiloschweren ,,Zusatzgewicht\" an Muskel- und Knochenmasse mit\r\nsich, wodurch sie keine hohe Zahl an Wiederholungen bewältigen können; nur sehr wenige Menschen sind in der Lage, gute Klimmzüge in\r\nausreichender Zahl auszuführen.\r\nDeswegen kann das Latziehen eine gute Alternative sein, die eine Variation des Gewichts vom leichten Aufwärmtraining bis zur größtmöglichen\r\nlntensität erlaubt.','gerät'),(29,'Rudern am Seilzug',NULL,'Es handelt sich um eine hervorragende Ubung für den breiten Rückenmuskel, die Vince Gironda bekannt gemacht,\r\nwenn auch nicht erfunden hat (dieses Gerät gehört in derTat zu den ältesten, die in Fitnessstudios anzutreffen sind).\r\nSie ermöglicht das Bewegen hoher Lasten, wobei immer auf den Lendenbereich zu achten ist. Mit dieser Übung lässt\r\nsich eine gute Ausbildung des Rückenmuskels erreichen, besonders seiner Dicke, und gleichzeitig beansprucht sie\r\nden gesamten Rücken. Menschen mit Problemen im Lendenbereich sollten die Variante am Gerät wählen (siehe\r\nÜbung t 1 ), bei der Brustkorb und Bauchmuskeln unterstützend wirken.\r\nEs sollte sich so anfühlen, als würde man ,,an den Ellbogen ziehen\", um sie an die Seiten des Körpers anzunähern,\r\nund nicht, als würde man die Hände dem Bauch nähern. Die Beteiligung des Bizeps würde den Rücken im Gegenteil\r\neher entlasten. Dieser Fehler passiert Anfängern häufig, die außerdem wenig Gewicht verwenden.',NULL,NULL,'Wir sitzen mit dem Gesicht zum Seilzug, die Beine sind halb gebeugt und fest\r\nvor uns abgestützt. Der Griff wird in neutraler Handstellung und mit fast\r\nganz gestreckten Armen gefasst. Wir ziehen ihn in Richtung des Bauchs\r\nund weiten gleichzeitig die Brust, um eine starke Kontraktion des Rückenmuskels\r\nzu erzielen, Die Bewegung des Oberkörpers im Lendenbereich\r\nmuss kurz sein (leichte Begleitbewegung). Beim Absenken des Gewichts\r\neinatmen und beim Anheben ausatmen; bei leichten Lasten kann die Atmung\r\nauch umgekehrt erfolgen.','Strecken des Oberkörpers, um den Lendenmuskel und die paravertebralen\r\nMuskeln zu Hilfe zu nehmen, Bewegung der Hände zur Brust und großer\r\nAbstand der Ellbogen zum Körper, um den Bizeps verstärkt zu nutzen, unvollständige\r\nAusführung der Bewegungsstrecke und Ausführung mit zu gerrngem Gewicht.',NULL,'gerät'),(30,'Rudern am Gerät',NULL,'Diese Übung ähnelt dem Rudern am tiefen Seilzug (siehe Übung 10) und dem Langhantelrudern (siehe Übung 2),\r\nwas den großen Vorteil hat, dass eine Überlastung des Lendenbereichs und der paravertebralen Muskeln verhindert\r\nwird, da der Oberkörper angelehnt wird. Ungünstig ist dagegen, dass das Zusammendrücken des Bauchs und der\r\nBrust die Atmung erschweren kann. Bei manchen besser konstruierten Geräten können die Füße vorne unter die\r\nStützrollen gestellt werden, und indem auf sie Druck ausgeübt wird, wird dem Brustkorb Druck abgenommen. ln diesem\r\nFall ist die Übung eine gute Alternative zu den freien Gewichten.',NULL,NULL,'Setzen Sie slch und lehnen Sie die Brust und den Bauch gegen das Stützpolster\r\n(ohne sie zu lösen). Fassen Sie den Griffvorne mit neutraler Handstellung\r\nund ziehen sie ihn in Richtung des Bauchs, Gleichzeitig weiten Sie\r\ndie Brust, um eine starke Kontraktion des Rückenmuskels zu erzielen. Theoretisch\r\nsoll beim Anheben des Gewichts eingeatmet werden und beim Absenken\r\nausgeatmet, ohne die gesamte Luft herauszulassen. Doch die\r\nAtmung ist unnatürlich, denn wenn Bauch und/oder Brust gegen das Polster\r\ngelehnt sind, erschwert dies die normale Atmung. Außerdem muss während\r\neines Teils der Bewegungsstrecke die Luft angehalten werden und\r\ndarJ nie ganz ausgeatmet werden,','Strecken des Oberkörpers, um den Lendenmuskel und die paravertebralen\r\nVluskeln zu Hilfe zu nehmen, unvollständige Ausführung der Bewegungsstrecke\r\nund falsche Einstellung (oder falsche Konstruktion) des Geräts,',NULL,'gerät'),(31,'Rudern im Stehen am tiefen Seilzug',NULL,'Diese Ubung ähnelt dem ,,Rudern mit der T-Stange\" (siehe Ubung 3), jedoch unter Veruendung des Seilzugs. Die Vorteile\r\ngegenüber der genannten Ubung liegen, eine einwandfreie Technik vorausgesetzt, in einer sanfteren Bewegung\r\nbei konstanter Anspannung. Der größte Nachteil besteht in der Regel in dem geringeren Gewicht, da der Körper bei\r\ngroßer Last nach vorne kippt (denn die Zugrichtung ist diagonal). Die größte Schwierigkeit liegt daher auch genau\r\nin der Haltung des Rückens und des übrigen Körpers, weswegen die Übung nicht sehr verbreitet ist.',NULL,NULL,'lm Stehen, mit um ca. 45\' nach vorne geneigtem Oberkörper und leicht gebeugten\r\nKnien, mit festem und geradem Rücken fassen wir die Stange im\r\nObergriff (mit den Handflächen nach unten), Die Stange ist am tiefen Seilzug\r\nbefestigt, und während wir sie bis zum oberen Bereich des Bauchs ziehen,\r\nweiten wir die Brust. Kurz vor dem Absenken des Gewichts durch den\r\nMund tief einatmen, die Luft während der Bewegung anhalten und am Ende\r\nder Aufwärtsbewegung (schnell) ausstoßen, Es ist darauf zu achten, dass\r\ndie durch das Zurückhalten von etwas Luft erzielte Anspannung nicht nachlässt,\r\ndenn sie hilft, den Oberkörper zu stützen.','Strecken des Oberkörpers, um den Lendenmuskel und die paravertebralen\r\nMuskeln zu Hilfe zu nehmen, unvollständige Ausführung der Bewegungsstrecke\r\nund gebeugte Haltung des Rückens.',NULL,'gerät'),(32,'Überzüge am hohen Seilzug',NULL,'Dies ist eine gute Ubung für den Rückenmuskel. Sie darf nicht mit viel Gewicht ausgeführt werden, da uns das Seil\r\nansonsten nach oben ziehen würde. Dennoch beteiligt sie diesen Muskel aus anderen Winkeln als die gängigsten Übungen.\r\nAußerdem ist die Beteiligung des Bizeps, im Gegensatz zu anderen Übungen für den Rückenmuskel, zu vernachlässigen;\r\nstärker beteiligt ist der Trizeps, sowohl bei der isometrischen Stabilisierung des Ellbogengelenks als auch\r\naktiv in seinem langen Kopf, Die Muskelbeteiligung ähnelt bestimmten Schwimmstilen. Anfänger werden Schwierigkeiten\r\nhaben, die Übung in einwandfreier Technik auszuführen. Daher ist sie eher für geübte Sportler geeignet.',NULL,NULL,'Sie stehen mit dem Gesicht zum Seilzug. Der Oberkörper ist durch die\r\nisometrische Anspannung der Bauchmuskeln leicht nach vorne geneigt,\r\n/ Die Stange wird in etwa schulterbreitem Abstand im Obergriff gefasst\r\n,t (mit den Handflächen in Richtung Boden). Die Ellbogen bleiben beii\r\nnahe gestreckt, doch das Gelenk ist fixiert. Wir ziehen die Stange mit\r\n\' d.r Rückenmuskel nach unten, bis auf die Höhe der Hüfte oder der\r\nSchenkel, wobei die Ellbogen gestreckt bleiben. Am Ende weiten wir\r\ndie Brust, um eine stärkere Kontraktion zu erzielen. Gleichzeitig wird\r\nder Rücken leicht gebeugt. Bei der Aufwärtsbewegung der Arme einatmen\r\nund nach dem Absenken ausatmen. Bei geringem Gewicht kann\r\ndie Atmung umgekehrt erfolgen.','Schwingen mit dem Körper, Neigung des 0berkörpers nach\r\nvorne, um den Bauchmuskel zu Hilfe zu nehmen und Ausführung eines Latzugs\r\noder einer Ruderbewegung durch Beugen der Ellbogen.','lst der Überzug in Richtung der Hüfte oder in Richtung der Schenkel auszuführen?\r\nDazwischen besteht im Grunde kaum ein Unterschied: Die Armbewegung ist beinahe die gleiche und die stärkere Streckung bzw. Beugung\r\nder Ellbogengelenke und der Hüfte lässt uns die Hände weiter nach oben bzw. nach unten führen. Da der Rückenmuskel am 0berarmknochen\r\nansetzt und dessen Bewegung in beiden Fällen gleich ist, besteht kein Unterschied in der Belastung.\r\nZu vermuten ist nur, dass die Bewegungstrecke bei einer stärkeren Beugung der Hüfte und der Knie und bei einer Bewegung in Richtung\r\nder Oberschenkel etwas kürzer ist.','gerät'),(33,'Klimmzüge am Gerät mit Unterstützung',NULL,'Dies ist eine hervorragende Übung für den Rückenmuskel, die sowohl Anfänger als auch Fortgeschrittene ausführen\r\nkönnen. Für Erstere dient sie der Gewöhnung an Klimmzüge (siehe Übung I ), Letztere können durch sie die Anzahl\r\nder Wiederholungen steigern, die sie mit freien Gewichten erzielen, und ihre Technik verfeinern. Auch hier werden der\r\näußere und der obere Bereich am stärksten beansprucht, weswegen sich die Übung sehr gut für eine Verbreiterung\r\ndes Rückenmuskels eignet. Durch die Unterstützung sollte sich niemand täuschen lassen, denn die Übung kann sehr\r\nanspruchsvoll sein, wenn man will (wenn man beispielsweise wenig Hilfsgewicht wählt) und wenn man das Schaukeln\r\nund sonstiges Abfälschen vermeidet,',NULL,NULL,'Die Knie oder Füße stehen auf der Unterstützung (je nach Konstruktion),\r\nder übrige Körper nimmt die,gleiche Stellung ein wie bei den Klimmzügen\r\nmit freien Gewichten (siehe Ubung 1), das heißt, der Rücken ist gerade,\r\ndie Hände sind etwas mehr als schulterbreit auseinander und fassen die\r\nGriffe im Obergriff (die Knöchel zeigen zum Kopf). Der Körper wird nach\r\noben gezogen, gleichzeitig wird der Rücken leicht gebeugt, Die Brust wird\r\nherausgestreckt und der Körper leicht nach hinten geneigt. Die Ellbogen bewegen\r\nsich senkrecht nach unten zu den Seiten, An diesem Gerät kann die\r\nAufwärtsbewegung beinahe immer ganz senkrecht erfolgen, so dass der\r\nKopf durch den Abstand zwischen den Griffen hindurchgeführt wird. Während\r\nder ersten Hälfte der Abwärtsbewegung einatmen, am Ende der Aufwärtsbewegung\r\nausatmen. Je nach Technik kann die Atmung auch\r\numgekehrt erfolgen.','Beugen des Oberkörpers, um die Brust- und Bauchmuskeln zu\r\nHilfe zu nehmen, unvollständige Ausführung der Bewegungsstrecke, gezwungene\r\nHaltung bei der Aufwärtsbewegung und ruckartiges (nicht gleichmäßiges) Abstoßen\r\nvon der Unterstützung.','lm Hinblick auf Knochen und Muskeln ist Krafttraining der umfassendste Sport, noch vor Schwimmen, Leichtathletik, Kampfsport oder sonstigen\r\nSportarten. Doch damit es darüber hinaus auch der gesündeste Sport ist, ist als Ergänzung Ausdauersport notwendig.','gerät'),(34,'Latziehen mit einer Hand',NULL,'Zwar kann diese Übung als eine Variante des Latziehens zur Brust (siehe Übung 9) betrachtet werden, doch die Ausführung\r\nmit nur einer Hand und die Art der Annäherung an den Oberkörper verleiht ihr eine ganz eigene Kontraktion,\r\nweswegen sie gesondert aufgeführt werden muss. Besonders geeignet ist sie für das spezifische Training für\r\nbestimmte Sportarten, bei denen an Seilen, Stufen oder einer anderen Art von Griffen geklettert wird.\r\nDie Variante, bei der zusätzlich der Ellbogen am unteren Punkt der Bewegung gestreckt wird, um die Last ein paar\r\nZentimeter weiter zu bewegen, bringt für die Beanspruchung des Rückenmuskels keinerlei Vorteil (sie führt nur zu\r\neiner unnötig stärkeren Beteiligung des Trizeps).',NULL,NULL,'Sie sitzen am Latzug, halten den Griff in einer Hand und ziehen daran,\r\nindem Sie den Ellbogen an die Seite des Körpers führen. Die andere Hand\r\nbleibt in der Taille oder begleitet die Bewegung, als würde man an einer\r\n@\' S.f\'nrt nach oben klettern (die Hand, mit deigezogen wird, geht nach unten, während die andere nach oben geführt wird und das Kabel berührt),\r\nVor der Aufwärtsbewegung einatmen, während der gesamten Bewegungsstrecke\r\ndie Luft anhalten und im letzten DrittelderAbwärtsbewegung ausatmen;\r\ndie Atmung kann auch umgekehrt erfolgen (je nach verwendetem\r\nGewicht, Technik usw. ).','Beugen des Oberkörpers, um die Bauchmuskeln zu Hilfe zu nehmen,\r\nunvollständige Ausführung der Bewegungsstrecke und zu starke Drehung des\r\nKörpers bei der Abwärtsbewegung.','Da die Rückenmuskeln als ,,Haltungsmuskeln\" gelten, muss bei jeder haltungsbedingten Verkrümmung der\r\nWirbelsäule ein Teil der Behandlung auf Muskeltraining beruhen. Eine sehr häufige Erscheinung, dem Rundrücken,\r\ngeht in der Regel auf mangelnde Dehnbarkeit oder zu hohem Tonus der Brust- und Bauchmuskeln\r\nzurück, in Kombination mit einer Muskelschlaffheit oder erhöhten Muskelspannung der Rückenmuskeln.','gerät'),(35,'Kabelzüge über Kreuz mit dem Rücken',NULL,'Diese Ubung ist wenig verbreitet und wird mit wenig Gewicht ausgeführt, doch sie kann als Abwechslung beim\r\nRückentraining dienen. Sie erJordert eine gute Körperbeherrschung und ein gutes Gespür für die beanspruchten Muskeln.\r\nDaher ist sie für Anfänger weniger geeignet.\r\nMan darf nicht vergessen, dass eine der Grundfunktionen des breiten Rückenmuskels in der senkrechten Adduktion\r\nder Arme besteht. Dies erfolgt bei dieser Übung sehr gezielt,',NULL,NULL,'Wir stellen uns zwischen die beiden Seilzüge, Die Beine sind leicht gebeugt oder ein Bein ist nach vorne gestellt,\r\nDer Oberkörper ist leicht gebeugt und die Bauch- und Lendenmuskeln sind angespannt. ln der Ausgangsposition\r\nsind die Arme über Kreuz, mit halb gebeugten Ellbogen, und werden hinter dem Rücken unten\r\nzusammengeführt (,,senkrechte Adduktion\"), Die Beugung der Ellbogen bleibt die gesamte Bewegungsstrecke\r\nüber unverändert, Kurz gesagt entspricht die Ausführung den ,,Kabelzügen über Kteuz\" für den Brustmuskel\r\n(siehe Übung 16), erfolgt aber hinter dem Körper. Beim Öffnen der Arme einatmen, am Ende des Zusammenführens\r\nausatmen,','falsche Technik und Beugen des Oberkörpers,',NULL,'gerät'),(36,'Adduktion der Oberarme am Gerät',NULL,'Dieses nicht sehr weit verbreitete Gerät ist eine Abwandlung des ,,Latzug-Gerätes\" (siehe Übung 9), doch ohne Einbeziehung\r\nderArme (hier ist der Bizeps nicht beteiligt), Beieinem richtig konstruierten Gerätwird der Rückenmuskel\r\nhier sehr gut beansprucht. Die geringe Verbreitung geht hauptsächlich auf wirtschaftliche Gründe zurück, da es\r\nsich um ein nicht sehr vielfältiges (aber sehr nützliches) Gerät handelt, das häufig durch die genannten ,,Latzug\"-Geräte\r\nersetzt wird. ln einem guten Kraftraum sollte es dennoch vorhanden sein, insbesondere für Menschen, die an\r\nanderen Geräten Schwierigkeiten haben, mit den Händen zu greifen, oder die dies gar nicht können.',NULL,NULL,'Wir sitzen am Gerät, die Arme auf den Polstern und führen die Arme an die Seiten des Körpers heran, Beim\r\nÖffnen der Arme einatmen, während des Zusammenführens ausatmen,','schlechte Haltung auf der Bank, unangemessenes Gewicht und\r\nBewegen der Ellbogen nach v0rne, um den Brustmuskel noch stärker zu Hilfe zu\r\nnehmen.',NULL,'gerät'),(37,'Rudern an der Multipresse',NULL,'Es handelt sich um eine Grundübung, bei derjedoch alle Rückenmuskeln stark beansprucht werden, hauptsächlich\r\nder breite Rückenmuskel. Sie eignet sich gut, um in diesem Bereich mehr Dicke (mittlere Fasern) zu erzielen und allgemein\r\ndie Kraft zu steigern, denn sie beansprucht auch den Oberkörper und die Beine isometrisch,\r\nAnfänger sollten am Gerät beginnen (siehe Übung 1 1 ). Um Verletzungen zu vermeiden, insbesondere im unteren Rückenbereich,\r\nerfordert diese Übung eine einwandfreie Technik, Um die korrekte Haltung zu bewahren, kann man zur\r\nOrientierung die Stirn an eine Stütze lehnen, ohne sie jedoch abstützen. Die Multipresse könnte beidieser Übung unbequemer\r\nsein als andere Varianten,',NULL,NULL,'Die Ausführung erfolgt wie bei der Variante mit freien Gewichten (siehe Ubung 2), Wir stehen, der Oberkörper\r\nist gerade, Die Hüfte ist um ca, 45\" gebeugt, die Knie sind halb gebeugt, aber fixiert. Die Stange wird im Obergriff\r\n(mit den Handflächen in Richtung des Körpers) gehalten, der Abstand der Hände ist etwas mehr als schulterbreit,\r\nWir ziehen die Stange mit den Armen bis zur Bauchgegend nach oben, wobei die Ellbogen durchgehend\r\ngeöffnet sind. Kurz vor dem Absenken des Gewichts tief durch den Mund einatmen, die Luft während der Bewegung\r\nanhalten und am Ende derAufwärtsbewegung (schnell) ausstoßen, Es ist daraufzu achten, dass die durch\r\ndas Zurückhalten von etwas Luft erzielte Anspannung nicht nachlässt, denn sie hilft den Oberkörper zu stützen.','Schaukeln mit dem Körper und Strecken des Körpers, unvollständiges\r\nAusführen der Sätze oder der Bewegungsstrecke, Beugen des Rückens oder\r\nsonstige Haltungsfehler und Führen der Stange in Richtung Brust.',NULL,'gerät'),(38,'Senkrecht Rudern am Gerät',NULL,'Die Ausführung gleicht der entsprechenden Übung ,,Langhantelrudern\" mit freien Gewichten (siehe Übung 2), doch\r\nist der Körper auf dieses nicht sehr verbreitete Gerät gestützt (ähnlich dem ,,Rudern mit der T-Stange am Gerät\"),\r\nDer Vorteil liegt darin, dass der Lendenbereich entlastet und geschützt wird. Der Nachteil ist der Druck, der beim\r\nAtmen auf den Brustkorb ausgeübt wird, Ein Gerät, bei dem die Füße untergestellt werden können und bei dem so\r\nder Druck auf den Brustkorb verringert wird, ermöglicht eine bessere Atmung, da sich das Gewicht auf die Beine und\r\ndie 0berkörperstütze verteilt.',NULL,NULL,'Die Brust wird an das Polster des Geräts gelehnt, der Oberkörper waagerecht gehalten. Die Arme befinden sich\r\nan den Seiten. Wir ziehen die Ellbogen nach oben, sie sind vom Körper gelöst,\r\nWährend der ersten Hälfte der Aufwärtsbewegung einatmen, Beim Absenken ausatmen, ohne die gesamte Luft\r\nherauszulassen.','unvollständige Ausführung der Sätze oder der Bewegungsstrecke,\r\nAblegen des Gewichts bei gestreckten Armen mitten in einem Satz und gepresste\r\noder falsche Atmung.',NULL,'gerät'),(39,'Frontdrücken',NULL,'Es ist darauf zu achten, dass sich die Anstrengung auf die Deltamuskeln, nicht auf den Trizeps konzentriert (obwohl\r\ndieser unvermeidlich beteiligt ist, insbesondere sein lateraler und medialer Kopf). Es stimmt nicht, dass das,,Frontdrücken\"\r\nden vorderen Teil und die Variante ,,hinter dem Nacken\" den hinteren Teil der Schulter trainiert. Beide Varianten\r\nbeanspruchen den gesamten Deltamuskel, insbesondere jedoch den vorderen und den seitlichen Teil;dieser\r\nlrrtum erklärt die muskuläre Unausgewogenheit, die bei denjenigen zu beobachten ist, die diese Übung seit Jahren\r\nals Grundlage ihres Schultertrainings ausführen. Diese Übung kann zwar mit ziemlich viel Gewicht ausgeführt werden,\r\ndoch ist die recht große Verletzungsgefahr des Gelenks zwischen Schulterblatt und Oberarmknochen zu berücksichtigen.\r\nWas die Beteiligung des Bizeps betrift (als Agonist bzw, Antagonist), sollte sich niemand täuschen lassen,\r\ndenn er ist sowohl beim Bankdrücken (Abduktion des Arms) als auch beim Latziehen für den Rückenmuskel (Beugung\r\ndes Unterarms) beteiligt, Die Variante im Stehen ist identisch, jedoch gefährdet sie den Rücken mehr,',NULL,NULL,'Sie sitzen auf einer leicht schräg gestellten Bank, die Stange wird im 0bergriff\r\n(mit den Knöcheln nach hinten) gehalten. Dabei sind die Hände etwas\r\nmehr als schulterbreit auseinander. Die Stange wird bis in die Nähe der\r\nBrust (Schlüsselbeinbereich) abgesenkt und fast bis zur völligen Streckung\r\nnach oben gehoben. Die Arme bewegen sich parallel zum Körper und nähern\r\nsich bei der Abwärtsbewegung den Seiten des Oberkörpers, Während\r\nder Abwärtsbewegung einatmen, nach dem Anheben ausatmen.','Abheben des Gewichts aus der untersten\r\nPosition durch fehlerhafte Konstruktion der Bank, zu starkes\r\nBeugen des Lendenbereichs und Durchstrecken der Ellbogen,','Das Schultergelenk besitzt wenig knöcherne Führung und wird hauptsächlich von Muskel,\r\nSehnen und Bändern stabilisiert. Das erklärt, warum es relativ häufig zu Schulterverletzungen\r\nkommt.','free'),(40,'Kruzhanteldrücken',NULL,'Dies ist eine einfache und wirkungsvolle Ubung für Anfänger und Fortgeschrittene. Zu den Ausführungen zum Military\r\nPress mit Langhantel (siehe Übung t) ist hinzuzufügen, dass der Hauptvorteil in der Natürlichkeit der Bewegung\r\nbesteht. Der größte Nachteil besteht in der Positionierung des Gewichts zu Beginn und am Ende des Satzes. Beim\r\nTraining mit schweren Lasten kann die envähnte Natürlichkeit beeinträchtigt werden (es wird empfohlen, sich helfen\r\nzu lassen), Sie ist potenziellwenigerverletzungsträchtig als das,,Langhanteldrücken hinter dem Nacken\". Erinnern\r\nwir uns an die Reihenfolge der Muskelbeteiligung bei dieser und anderen Bewegungen desselben Satzes: vorderer\r\nTeil des Deltamuskels, dicht gefolgt vom seitlichen und schließlich vom hinteren Teil.\r\nUm die Kurzhanteln in dre Ausgangsstellung zu bringen, neben den Kopf, kann man mit dem Arm pendeln und sie\r\nmit dem Schwung aus einer Ellbogenbeugung dorthin führen.',NULL,NULL,'Sie sitzen auf einer leicht schrägen oder geraden Bank. Die Kurzhanteln\r\nwerden seitlich vom Kopf im Obergriff (mit den Knöcheln nach hinten) gehalten,\r\nSie werden beinahe bis zur völligen Streckung nach oben gebracht\r\nund leicht zusammengeführt, um das Gleichgewicht zu wahren, Kontrolliert\r\nbis auf Höhe der 0hren absenken, Die Arme bewegen sich stets parallel\r\nzum Körper und nähern sich bei der Abwärtsbewegung den Seiten. Während\r\nder Abwärtsbewegung Luft holen, nach dem Anheben die Luft ausstoßen.','zu starkes Beugen des Lendenbereichs, Erzwingen der\r\nletzten Wiederholungen ohne die Hilfe eines Partners und Durchstrecken der\r\nEllbogen in der oberen Position, um auszuruhen.','Der Kopf und die Nackenmuskulatur verfügen über zahlreiche kleine und etwas empfindliche Muskeln, die man\r\nals tonisch bezeichnet, das heißt, sie sind die meiste Zeit des Tages permanent angespannt. Es handelt sich\r\num die Haltungsmuskeln.','free'),(41,'Kruzhantelfrontdrücken',NULL,'Diese schwere Übung für den vorderen Bereich des Deltamuskels kann auch im Stehen ausgeführt werden. ln diesem\r\nFall jedoch kann sie den Rücken eher gefährden.\r\nZwar wird diese Übung häufig empfohlen, um Schwierigkeiten mit den Bändern und den kleinen Muskeln, die das Schultergelenk\r\numgeben, beim klassischen Hanteldrücken (oder der Variante hinter dem Nacken) vorzubeugen, doch soll\r\nan dieser Stelle daran erinnert werden, dass der vordere Teil der Schulter beim Krafttraining im Vergleich zum hinteren\r\nTeil in der Regel übertrainiert ist, Dies sollte im Hinblick auf das Muskelgleichgewicht und die ästhetische Ausgewogenheit\r\ndes Körpers bedacht werden. Wenn die Ellbogen ganz nach vorne zeigen, kommt es zu einer stärkeren\r\nBeteiligung des Brustmuskels (insbesondere auf den ersten Zentimetern der Aufwärtsbewegung), als wenn sie seitlich\r\noder diagonal ausgerichtet sind,',NULL,NULL,'Auf einer leicht schräg gestellten Bank sitzend, halten Sie die Kurzhanteln\r\nim neutralen Griff vor dem Kopf. Die Daumen zeigen zum Kopf. Sie stoßen\r\ndie Hanteln nach oben, ohne die Ausrichtung der Ellbogen zu ändern (sie\r\nzeigen immer nach vorne). Die Kurzhanteln werden bis auf die Höhe des\r\nSchlüsselbeins abgesenkt und beinahe bis zur völligen Streckung nach oben\r\ngestemmt, Während der Abwärtsbewegung Luft holen, nach dem Anheben\r\ndie Luft ausstoßen.','zu starkes Beugen des Lendenbereichs und zu starke Beteiligung\r\ndes Trizeps.','Die drei wichtigsten Anteile des Deltamuskels sind:\r\nVorderer Teil/Schlüsselbeinteil,\r\nMittlerer Teil/Schulterhöhenteil/lateraler bzw. seitlicher Teil,\r\nHinterer Teil/Grätenteil.','free'),(42,'Seitenheben mit Kurzhanteln',NULL,'Eine gute Übung für den gesamten Deltamuskel, besonders für den seitlichen Bereich, so dass sie dazu beiträgt, an\r\nden Schultern ein paar Millimeter an Breite hinzuzugewinnen. Wenn die Arme etwas über die Horlzontale gehoben\r\nwerden jedoch nie mit schweren Gewichten , beansprucht die Übung den Trapezmuskel und angrenzende lVuskeln\r\n(der Deltamuskelspreizt den Arm nur bis etwa 90o vom Körper ab). Um einen SaIzzu Ende zu bringen oder\r\nmit mehr Gewicht zu arbeiten, können die Hände aus einer Position vor dem Körper heraus bewegt werden. Durch\r\ndie Ausführung im Sitzen werden Schwungbewegungen der Berne und des Oberkörpers vermieden. Der Bizeps (insbesondere\r\nsein langer Kopf) leistet bei dieser Übung eine wichtige Hilfe; auf ihn entfallen biszu20-25 % der Gesamtbelastung,\r\nwas bei der Planung des Trainings zu berücksichtigen ist. Die im Folgenden beschriebenen\r\nArmdrehungen (4,2 und 4.3) stellen keine Steigerung der Grundübung dar.',NULL,NULL,'Sie stehen mit leicht gebeugten und gegrätschten Beinen, der Blick ist nach\r\nvorne gerichtet, Die Kurzhanteln werden mit halb gebeugten Ellbogen in\r\nneutraler Haltung an den Seiten des Körpers gehalten, Die Arme werden\r\nin einer abspreizenden Bewegung nach oben gehoben, bis sie ein Kreuz\r\ndarstellen, und die Ellbogen werden bis auf die Höhe der Hände und der\r\nSchulter gehoben, ln der obersten Position zeigen die Handflächen in Richtung\r\nBoden. Kontrolliert absenken. Während des ersten Drittels der Aufwärtsbewegung\r\neinatmen (bzw. bei schweren Sätzen sogar vor der\r\nAufwärtsbewegung) und während der Abwärtsbewegung ausatmen,','Schaukeln mit dem Körper, Supination des Unterarms beiderAufwärtsbewegung,\r\nHeben der Hände, jedoch nicht der Ellbogen oder umgekehrt, Pronation\r\ndes Unterarms am Ende der Bewegung, Ausführen einer zu kurzen oder zu\r\nlangen Bewegungsstrecke mit zu hoher Last, Fallenlassen des Gewichts aus der oberen\r\nPosition, zu starke Beugung der Ellbogen (viel Gewicht) oder völlige Streckung\r\nderselben, zu schnelle Ausführung, asymmetrisches Anheben usw.','Das ,,Seitheben\" ist vermutlich die Übung, bei deren Ausführung die meisten Fehler begangen werden. Der häufigste Fehler besteht\r\nin der Beugung der Ellbogen und in der stärkeren Bewegung der Arme nach vorne, um so mehr Gewicht zu bewältigen (der Ansatzpunkt\r\nder Last wird verringert und der Brustmuskel und weitere Muskeln werden zu Hilfe genommen). Darin zeigt sich große\r\nUnkenntnis, denn es handelt sich gerade nicht um eine ,,schwere Übung\".','free'),(43,'Seitenheben einhändig',NULL,'Wie die Ubung mit beiden Händen, im Stehen oder im Sitzen, ist diese Bewegung sehr gut für den seitlichen Bereich\r\ndes Deltamuskels und hervorragend geeignet, um im Schulterbereich ein paar Millimeter an Breite hinzuzugewinnen.\r\nWird der Oberkörper leicht gebeugt und die andere Hand vorne abgestützt, lässt sich die Beanspruchung gezielter\r\nauf den seitlichen Kopf ausrichten. Diese Übung mag als Nachahmung des beidseitigen Selthebens (siehe Übung 4)\r\nangesehen werden, doch sie bietet bestimmte Varianten, die ihr eine ganz eigene Bedeutung verlelhen und die im\r\nFolgenden erläutert werden.',NULL,NULL,'Sie stehen mit leicht gebeugten und gegrätschten Beinen und halten die\r\nKurzhantel mit halb gebeugtem Ellbogen im neutralen Griff auf einer Seite\r\ndes Körpers. Die andere Hand bleibt an der Taille oder stützt sich an einen\r\nGegenstand. Ohne die Haltung der Ellbogen oder des übrigen Körpers zu\r\nverändern, wird der Arm bis ca. 90\" abgespreizt, Der Ellbogen wird bis zur\r\nHöhe der Hand und der Schulter gehoben, während die Hantel parallel zum\r\nBoden bleibt. Sie kann auch vor dem Körper aufgenommen werden. Es ist\r\nzu berücksichtigen, dass dabei eine kleine Schwungphase erzielt wird (die\r\nAusführung ist weniger kontrolliert, lässt jedoch mehr Gewicht zu). Kontrolliert\r\nabsenken. Zu Beginn der Aufwärtsbewegung einatmen und am\r\nEnde der Abwärtsbewegung ausatmen.','die gleichen wie bei der ,,beidhändigen\" Ausführung, insbesondere\r\nSchaukeln mit dem Körper, Heben der Hände, jedoch nicht der Ellbogen oder\r\numgekehrt, Drehung der Kurzhanteln am Ende der Bewegung und Ausführung einer\r\nzu kurzen oder zu langen Bewegungsstrecke mit zu schwerem Gewicht.','Es ist hllfreich, sich bei der Ausführung der Ubungen im Spiegel zu betrachten. Auf diese Weise lernt man gut, seine Bewegungen\r\nzu perfektionieren. Bei Anfängern ist dies unerlässlich.','free'),(44,'Frontheben mit Kurzhanteln',NULL,'Die Ausführung kann auch mit beiden Händen gleichzeitig erfolgen, doch die getrennte AusfÜhrung verringert die\r\nSpannung im Lendenbereich, Um das Schaukeln oder sonstiges Schummeln zu vermeiden, kann der Rücken an eine\r\nWand gelehnt werden. Die hier angegebenen Hauptmuskeln führen die Beugung von ca. 0o bis 55\" aus. Die übrigen\r\nMuskeln helfen dabei oder dienen der weiteren Ausführung bis 120\" oder I B0\'. An dieser Stelle soll daran erinnert\r\nwerden, dass der vordere Teil der Schulter auch bei Beanspruchung anderer Bereiche des Körpers (Brustmuskeln\r\n,,.) stark trainiert wird, Drehungen des Unterarms (Ober-/Untergriff) ändern nichts an der Beteiligung der Schultern,\r\nDrehungen des Arms hingegen durchaus. Die Variante im Untergriff (Handflächen nach oben) isoliert den vorderen\r\nBereich noch stärker, ruft jedoch ungewollte Spannungen im Bizeps hervor, Weniger Üblich ist die Ausführung in der\r\nRückenlage auf einer Bank oder mit geneigtem Oberkörper wie bei der Übung ,,schulterziehen\", was die Beanspruchung\r\nauf einen anderen Bereich der Schulter verlagern würde (siehe die oben genannten Gradangaben).',NULL,NULL,'Sie stehen mit leicht gegrätschten Beinen und angespanntem 0berkörper\r\nund halten die Kurzhanteln im Obergriff (Handflächen in Richtung des Körpers)\r\nauf der Vorderseite der Schenkel, Diese werden vorne bis auf die\r\nHöhe des Kopfes gehoben, am besten abwechselnd, ohne die Beugung der\r\nEllbogen zu verändern und ohne sie in der Mitte zusammenzuführen. Zu Beginn\r\nder Bewegung Luft holen und am Ende des Absenkens ausatmen,','Schaukeln mit dem Körper, um vielGewicht heben zu können, fehlende\r\nSpannung bei der Abwärtsbewegung und vollständige Streckung der Ellbogen\'','Die Schulter verfügt zwar über verschiedene ,,Haltemuskeln\", doch besonders wichtig sind die tiefen, wie z. B. der Unterschulterblattmuskel\r\nund der Untergrätenmuskel, Dies vermindert die relative lnstabilität des Gelenks, die angesichts seiner hohen Beweglichkeit\r\nverständlich ist.','free'),(45,'Vorgebeugtes Seitheben im Stand',NULL,'Diese Ubung technisch korrekt auszuführen, ist schwierig. Sie kann den Rücken gefährden. Werden die Arme vom Körper\r\nentfernt geführt und dieser waagerecht gehalten, lässt sich eine wirkungsvollere lsolierung des hinteren Teils des\r\nDeltamuskels erzielen, als wenn die Ellbogen nach hinten geführt werden (wo der Rückenmuskel und die angrenzenden\r\n14uskeln stark beteiligt werden). Beim Anheben des Gewichts ist es nicht zu vermeiden, dass sich beim Zusammenführen\r\nbzw. der Adduktion der Schulterblätter auch der Trapez- und der Rautenmuskel bewegen; Ersterer erfährt\r\neine stärkere Betonung in seinem mittleren Teil, wenn die Arme in einerAußendrehung gehoben werden, und in seinem\r\nunteren Teil, wenn die Bewegung diagonal nach vorne erfolgt. Die Ausführung mit nur einer Hand ist einfacher.\r\nDabei sind die Beine weiter gegrätscht, und dle freie Hand hält sich an einer festen Stütze. Auch hier wird der Ellbogen,\r\nwie beim einhändigen Rudern (siehe Übung 4, ,,Rückenmuskeln\"), getrennt vom Körper geführt, an Rückengeräten\r\nist der Arm ebenfalls abgespreizt (siehe Übungen 10.2, 11.2, 18,19 ..., ,,Rückenmuskeln\").',NULL,NULL,'Sie stehen mit leicht gegrätschten und halb gebeugten Beinen und fixiertem,\r\nbeinahe bis zur Horizontalen geneigten Oberkörper und halten die\r\nKurzhanteln im neutralen Griff Ellbogen nach hinten - vor dem Körper (in\r\nder Luft). Sie werden seitlich bis auf die Höhe des Oberkörpers gehoben,\r\nohne die Beugung der Ellbogen zu verändern. Die Ellbogen müssen ausreichend\r\nweit vom Oberkörper entfernt sein, um den Rückenmuskel nicht\r\nzu sehr einzubeziehen. Zu Beginn der Aufwärtsbewegung Luft holen und\r\nwährend der Abwärtsbewegung ausatmen, ohne jedoch die gesamte Luft\r\nherauszulassen.','Schaukeln mit dem Körper, fehlende Spannung beim Absenken des\r\nGewichts, Ellbogen eng am Körper und Veränderung der Ellbogenstreckung während\r\nder Bewegung.','ln diesem Buch wird immer wieder auf die einwandfreie Technik bei der Ausführung hingewiesen. Doch gelegentlich kann die\r\n,,Schwungtechnik\" venruendet werden, um etwas mehr Gewicht zu bewältigen oder um die Anzahl an Wiederholungen zu steigern.\r\nAnfänger sollten diese Technik nicht anwenden, denn bei mangelhafter Ausführung kann es zu Verletzungen kommen.','free'),(46,'Kurzhantelheben vor dem Körper in Seitenlage',NULL,'Für Anfänger ist dies eine komplizierte Ubung, die aber als interessante Abwandlung des herkömmlichen Seithebens\r\ndienen kann. Der Lendenbereich wird nicht überbeansprucht, doch ist es schwierig, die Haltung auf der Bank zu bewahren.',NULL,NULL,'Seitlich auf einer Bank liegend, gut abgestützt, um das Gleichgewicht zu\r\nhalten, halten Sie die Kurzhantel mit der freien Hand senkrecht im Obergriff\r\n(Handfläche in Richtung Boden). Sie senken die Kurzhantel vorne etwas\r\ntiefer als bis zur Körperhöhe ab und heben sie anschließend durch Kontraktion\r\ndes hinteren Teils des Deltamuskels und der angrenzenden Muskeln\r\nhoch, bis sie sich wieder in der Vertikalen befindet, Die Hantel kann mit\r\ndem Daumen in Richtung Boden oder in Richtung Kopf gehalten werden, Zu\r\nBeginn der Abwärtsbewegung einatmen und beim Erreichen der oberen\r\nPosition ausatmen.','Ellbogen eng am Körper, um den Rückenmuskelzu Hilfe zu nehmen\r\n(der bedeutend stärker ist als der Deltamuskel), Bewegen des gesamten Oberkörpers\r\nund Beugen/Strecken des Ellbogens, um Schwung zu holen.','Die drei Säulen des Muskelwachstums sind: intelligentes Training, ausgewogene Ernährung und ausreichende Erholung.','free'),(47,'Aufrechtes Rudern mit der Langhantel',NULL,'Es handelt sich um eine gute Ubung für den Deltamuskel, auf den Trapezmuskel wirkt sie sich etwas weniger aus, Bei\r\neinem größeren Abstand der Hände zueinander (weiter geöffneter Griff) geht ein noch größerer Teil der Beanspruchung\r\naufden Deltamuskel über, Fälschlicherweise heißt es, diese Übung werde nurfür den Trapezmuskel ausgeübt.\r\nln Wlrklichkeit führt der Arm eine sehr ähnliche Bewegung aus wie beim ,,seitheben mit Kurzhanteln\" (siehe Übung\r\n4), in diesem Falljedoch mit gebeugten Ellbogen. ln der Praxis führen die Sportler zusätzlich zum Heben der Arme\r\nein Schulterzucken aus, Das erklärt, weshalb sie ihren Trapezmuskel spüren (siehe Übung 1 0). Zusammengefasst\r\nlässt sich sagen, dass diese Übung bei korrekterAusführung zwar gut ist, den Trapezmuskeljedoch nicht besonders\r\ngezielt trainiert, Anfänger werden sie bei guter Anleitung ohne Schwierigkeiten ausführen können.',NULL,NULL,'Sie stehen mit leicht gegrätschten Beinen und geradem, fixiertem\r\n#r Oberkörper und halten die Langhantel im Obergriff (Handflächen in\r\nRichtung der Beine) vor die Oberschenkel, Die Hände sind etwas\r\nmehr als schulterbreit auseinander. Dann die Hantel bis zum Schlüsselbein\r\nnach oben ziehen, wobei sie immer nahe am Körper bleibt,\r\nDie Ellbogen müssen angehoben werden und stets höher sein als die\r\nHände. Zu Beginn der Aufwärtsbewegung Luft holen, beim Absenken\r\ndie Luft ausstoßen,','stärkeres Anheben der Hände als der Ellbogen, Schaukeln mit\r\ndem Körper, Strecken der Stange nach vorne und Absenken, sobald sie oben ist (beansprucht\r\nden vorderen Teil des Deltamuskels durch exzentrische Kontraktion, verbessert\r\njedoch das Training des Trapezmuskels nicht besonders).','Um den oberen Bereich des Trapezmuskels zu trainieren, gibt es eine wirkungsvolle Ubung, die gleichzeitig womöglich die einfachste\r\nÜbung im Krafttraining ist: ,,schulterheben mit der Kurzhantel/Langhantel\". Mancherjedoch sucht unnötig nach komplizierten\r\nHaltungen, Varianten und Geräten.','free'),(48,'Schulterheber mit Kurzhanteln',NULL,'Dies ist eine hervorragende, zugleich schwere und gezielte Übung für den Trapezmuskel und den Schulterblattheber.Sie beansprucht sehr gezielt den oberen Teil des Trapez und die angrenzenden Muskeln. Aufgrund ihrer Einfachheit ist sie für jedes niveau geeignet.Anfänger werden schnell Fortschritte beim verwendeten gewicht feststellen. anderre Varianten dieser Übung verbessern das Training des Trapezmuskels kaum.',NULL,NULL,'Leicht gegrätschte beine, geradem fixiertem oberkörper, neutraler griff seitlich vom körper. heben sie auf der ängstmöglichen bewegungsstrecke und versuchen sie zu halten. arme sind angespannt. kurz vor der aufwärtsbewegung einatmen und bei abwärtsbewegung ausatmen','Drehen der Schultern bei schweren Sätzen, zu wenig oder zu viel\r\nGewicht, unvollständige Ausführung der Bewegungsstrecke, zukurze oder zu wenige\r\nSätze und Beugen der Ellbogen, um die Aufwärtsbewegung zu erleichtern.',NULL,'free'),(49,'Außenrotation im Liegen',NULL,'Diese Übung ist sehr nützlich, um die ,,Rotatorenmanschette\" zu kräftigen, darf jedoch nie mit zu vielGewicht ausgeführt\r\nwerden (diese Rotation zur Seite ist schwächer als die zur Körpermitte). Empfohlen wird die Ausführung an\r\nletzter Stelle nach jedem Schultertraining. Diese Bewegung kann ebenfalls bäuchlings auf eine Bank gelehnt erfolgen\r\n(siehe ,,Bizeps - an eine Bank gelehnt\", Übung 8), auch hier bleibt der Beugungsgrad des Ellbogens unverändert\r\n(bei ca.90\").',NULL,NULL,'Seitlich auf einer Bank oder auf einer Matte auf dem Boden liegend, wird eine Hantel im Hammergriff (neutraler\r\nGriff) mit der oberen Hand gehalten. Der Ellbogen liegt im rechten Winkel auf der Seite des Körpers. Der\r\nArm wird um 80o gedreht und der Unterarm gesenkt, bis er sich parallel zum Boden befindet oder etwas weiter:\r\nDie Beugung aller Gelenke bleibt unverändert, nur die Schulter wird von der Seite nach vorne gedreht. Die\r\nAtmung folgt dem natürlichen Rhythmus. Alternativ kann beim Absenken des Gewichts eingeatmet und beim Ankommen\r\nin der oberen Position ausgeatmet werden.','zu schweres Gewicht, schnelles Ausführen der Bewegung, Abheben\r\ndes Ellbogens vom Körper und zu starke Einbeziehung des hinteren Teils des Deltamuskels.',NULL,'free'),(50,'Innenrotation im Liegen',NULL,'Es ist zu berücksichtigen, dass die Muskeln, die die lnnenrotation ausführen, in der Regel kräftig und gut trainiert\r\nsind, im Gegensatz zu den vorher behandelten (siehe Übung 1 1 ). Auch im Liegen (auf dem Rücken) lässt sich diese\r\nÜbung bequem und wirksam ausführen. Manche Fachleute stellen die Rolle des breiten Rückenmuskels und der angrenzenden\r\nMuskeln bei dieser Übung in Frage, vielleicht zu Recht.',NULL,NULL,'Die Ausführung erfolgt in der gleichen Haltung und es gelten die gleichen Erläuterungen wie bei der ,,Außenrotation\"\r\nfür die Schulter (siehe Übung 11), doch nun wird die Kurzhantel in der unteren Hand gehalten (die\r\nHaltung ist etwas gezwungener). Es wird eine lnnenrotation der Schulter ausgeführt, die auf den Boden oder\r\nauf die Bank gestützt ist, Die Atmung ist natürlich,','zu viel Gewicht, schnelle Bewegungen, Konzentration auf diese\r\nÜbung statt auf die wichtigere Außenrotation und falsche Technik,',NULL,'free'),(51,'Frontheben auf der Bank mit gebeugtem Ellbogen',NULL,'Wie bei ähnlichen Ubungen bereits erwähnt, wird der vordere Teil der Schulter stark mitbeansprucht, wenn andere\r\nBereiche des Körpers trainiert werden, weshalb diese Übung keine große Rolle im Training einnehmen muss (das\r\nbedeutet nicht, dass der vordere Teil nicht trainiert werden sollte). BeiVerwendung eines mittleren, nicht sehr hohen\r\nGewichts lässt sich in diesem Teil des Deltamuskels eine starke Durchblutung erzielen. Die Variante ,,Kurzhantelfrontdrücken\"\r\nmit Beugung wird in Übung 3.2 erklärt.',NULL,NULL,'Sie sitzen auf einer geneigten Bank (45\' bis 60\') und halten die Kurzhanteln im neutralen Griff zu beiden Seiten\r\ndes Körpers. Die Ellbogen sind halb gebeugt (niemals gestreckt), Sie werden vorne abwechselnd bis etwas\r\nüber den Kopf nach oben gehoben, Dabei bleibt die Beugung der Ellbogen unverändert. Die Ausführung kann\r\nmit beiden Armen abwechselnd oder gleichzeitig erfolgen. Zu Beginn der Bewegung Luft holen und beim Absenken\r\nausatmen.','zu starke Beugung des Ellbogens, Schwungholen beim Anheben,\r\nVeränderung der Ellbogenbeugung, zu hohe Geschwindigkeit der Bewegung, vollständige\r\nStreckung des Ellbogens,',NULL,'free'),(52,'Schulterdrücken an der Wand',NULL,'Diese Übung ist nur für Fortgeschrittene geeignet und darf nur gelegentlich ausgeführt werden. An dieser Stelle soll\r\ndaran erinnert werden, dass Übungen, bei denen der Kopf tiefer liegt als das Herz, ungünstig sind, wie bei der Brustmuskelübung\r\n,,Bankdrücken auf der Negativbank\" erläutert wurde (siehe Übung 3). lm Vergleich zu herkömmlichen\r\nÜbungen bietet diese Variante keinerlei Vorteil, weswegen sie im Grunde verzichtbar ist.',NULL,NULL,'Sie stehen auf den Händen (auf dem Boden oder zwischen Bänken), die Füße sind gegen die Wand gelehnt oder\r\nan einer Sprossenleiter eingehakt. Der Kopf wird durch Beugen der Ellbogen in Richtung Boden und wieder nach\r\noben geführt.\r\nZu Beginn der Bewegung einatmen, am Ende der Aufwärtsbewegung ausatmen.','gewohnheitsmäßige Ausführung dieser Ubung, lange Sätze und\r\nEntwicklung einer falschen Technik,',NULL,'free'),(53,'Kurzhantelheben nach vorne mit geneigtem Oberkörper',NULL,'Die Bewegung verläuft genau entgegengesetzt zu der Übung ,,strecken mit geraden Armen\" (siehe Übung 8,3),\r\nManche denken fälschlicherweise, dies sei eine Übung für den vorderen Teil der Schulte; doch da der Körper in der\r\nWaagerechten bleibt und der Arm in einer passiven Beugung von 90o, wird dieser Teil des Deltamuskels so gut wie\r\ngar nicht einbezogen. Es sind die übrigen Teile, die die stärkste Beanspruchung erfahren.',NULL,NULL,'Es wird die gleiche Stellung eingenommen wie bei der Übung ,,Kurzhantelrudern\" (siehe Übung 4, ,,Rückenmuskeln\"):\r\nmit der Hand und dem Knie der gleichen Körperseite auf eine waagerechte Bank gestützt, Die andere\r\nHand hält die Kurzhantel im neutralen Griff, während das gestreckte oder halb gebeugte Bein auf dem\r\nBoden diagonal und leicht hinter dem Körper (je nach Größe) abgestützt wird. Der Oberkörper bleibt waagerecht\r\nund auf einer Linie, Die Schulter wird nach vorne und der Arm nach oben bewegt, die Beugung der Ellbogen\r\nbleibt unverändert. Während der Aufwärtsbewegung Luft holen und beim Absenken ausatmen.','Schaukeln mit dem Arm, fehlende Spannung beim Absenken des\r\nGewichts und Zuhilfenahme des Oberkörpers bei der Aufwärtsbewegung.',NULL,'free'),(54,'Schultersenken am Barren',NULL,'Es handelt sich um eine seltene Ubung, die zwei Bereiche der Skelettmuskulatur trainiert, die oft etwas in Vergessenheit\r\ngeraten, weil sie kaum sichtbar sind: den unteren Bereich des Trapezmuskels und den großen Brustmuskel.\r\nDoch sie ist einfach, und ihre Einbeziehung ins Training wird empfohlen, Dabei ist die gesamte Bewegungsstrecke\r\n(auch wenn sie kurz ist) langsam und kontrolliert auszuführen. Fortgeschrittene können sich etwas Zusatzgewicht\r\nan einem Gürtel umhängen oder Kurzhanteln zwischen die überkreuzten Beine klemmen.',NULL,NULL,'Der Körper hängt am Barren, die Hände oder Ellbogen sind aufgestützt. Sie heben sich durch Druck auf die\r\nStangen ohne Beteiligung der Ellbogen senkrecht nach oben. Beim Absenken des Körpers einatmen, bei der\r\nAufwärtsbewegung ausatmen,','zu schnelle Ausführung, kurze oder leichte Sätze und unvollständige\r\nBewegungsstrecke,','Der Trapezmuskel ist aufgrund der Anordnung seiner Fasern und Knochenansätze eines der besten Beispiele, um zu verstehen,\r\nwie ein Muskel eine Bewegung (2. B. das Anheben des Schulterblatts) und die Gegenbewegung (das Absenken desselben) ausführen\r\nkann. Da der obere Teil besser sichtbar und auffälliger ist, neigen viele Menschen dazu, den mittleren und den unteren Teil zu\r\nvernachlässigen.','free'),(55,'Kopfstrecken im Liegen',NULL,'Sehr gut trainierte Sportler können sich im Bereich des Hinterhaupts eine Hantelscheibe auflegen, um die Anspannung\r\nzu erhöhen, oder Bänder mit Zusatzgewicht. Dies ist jedoch nicht immer empfehlenswert, da der Nackenbereich\r\nempfindlich ist und vorsichtig trainiert werden muss. Eine Variante besteht darin, den Kopf nur nach vorne und nach\r\nhinten zu bewegen, ihn also nicht zu beugen und zu strecken, sondern auf einer Linie zu heben und zu senken.\r\nDabei zeigt das Kinn in Richtung Boden, Die hier als Haupl bzw. Sekundärmuskeln angegebenen Muskeln sind je nach\r\ngewählter Kombination aus Strecken und/oder Bewegen des Kopfes nach vorne austauschbar.',NULL,NULL,'Sie liegen in Bauchlage auf einer Flachbank. Die Brust liegt auf dem Rand und der Kopf geht über die Bank\r\nhinaus, Um das Gleichgewicht zu halten, kann die Bank mit den Armen umfasst werden, Sie richten den Blick\r\nnach vorne und setzen den Kopf anschließend sanft ab, bis Sie auf den Boden und noch weiter nach hinten\r\nblicken. Die Ausführung ist auch mit geschlossenen Augen möglich, Die Atmung ist natürlich,','zu vielZusatzgewicht, zu hohe Geschwindigkeit oder zu lange\r\nBewegungsstrecke (Zusammenprallen der Wirbelfortsätze ...).',NULL,'free'),(56,'Kopfbeugen im Liegen',NULL,'Sehr gut trainierte Sportler können sich auf die Vorderseite des Körpers eine Hantelscheibe oder eine andere Art\r\nvon Zusatzgewicht auflegen (nicht uneingeschränkt zu empfehlen), müssen dabeiaber die Empfindlichkeit des trainierten\r\nBereichs beachten, Außerdem kann die Beugebewegung durch ein Bewegen des Kopfes nach vorne ersetzt\r\nwerden, das heißt, der Kopf wird auf einer geraden Linie nach oben und unten bewegt.\r\nDie hier als Haupt- bzw. Sekundärmuskeln angegebenen Muskeln sind je nach gewählter Kombination aus Beugung\r\nund/oder Vorbewegung des Kopfes austauschbar.',NULL,NULL,'Sie liegen rücklings auf einer Flachbank, die Schultern liegen am Rand der Bank auf und der Kopf ragt darüber\r\nhinaus. Halten Sie sich seitlich an der Bank fest, um das Gleichgewicht zu wahren. Kopf und Hals werden\r\ngebeugt, bis Sie zu den Füßen schauen, und dann nicht viel weiter als bis zur Waagerechten nach hinten fallengelassen,\r\nDie Augen können dabei geschlossen werden, Die Atmung ist natürlich, vorzugsweise wird beim\r\nFallenlassen des Kopfes eingeatmet.','zu vielZusatzgewicht und zu hohe Geschwindigkeit oder zu lange\r\nBewegungsstrecke,',NULL,'free'),(57,'Kopfdrehen im Liegen',NULL,'Eine mögliche Variante ist, dieselbe Bewegung in Bauch- oder Rückenlage auszuführen (mit dem Blick zum Boden\r\noder zur Decke), Durch letztere Variante wird die Übung noch einfacher, Bei dieser Übung dürfen nie Zusatzgewichte\r\nvenvendet werden, Menschen, die nur ihre Beweglichkeit verbessern wollen, können diese Übung im Sitzen ausführen\r\nund dabei abwechselnd zu beiden Seiten schauen, als wollten sie ,,nein\" sagen,',NULL,NULL,'Sie liegen seitlich auf einer Flachbank und stützen die Schulter auf die Bank. Sie schauen auf eine Seite (in Richtung\r\nBoden) und drehen den Kopf über die Achse, bis Sie auf die gegenüberliegende Seite schauen (in Richtung\r\nDecke, nicht mehr als etwa 170\" insgesamt). Wenn Sie es als angenehmer empfinden, können Sie die\r\nAugen dabei geschlossen halten. Die Atmung erfolgt natürlich.','Hinzunahme von Zusatzgewicht oder zu starke Steigerung der Geschwindigkeit\r\nund Neigen des Kopfes beim Drehen.',NULL,'free'),(58,'Schulterdrücken am Gerät',NULL,'Diese Übung entspricht dem Langhantel- oder Kurzhanteldrücken (siehe Übungen 1 und 2), und wie beijenen Übungen\r\nist darauf zu achten, dass sich die Beanspruchung auf den Deltamuskel konzentriert und nicht auf den Trizeps,\r\nauch wenn dieser unvermeidlich mitarbeitet (sein langer Kopf etwas weniger). Ebenso ist die Empfindlichkeit dieses\r\nGelenks im Vergleich zu anderen zu bedenken. ln dieser Folge werden die Muskeln bei diesen und anderen Bewegungen\r\ndesselben Satzes betelligt: vorderer Teil des Deltamuskels, dicht gefolgt vom seitlichen und schließlich vom\r\nhinteren Teil,\r\nVerfügt das Gerät über unabhängige Hebel, kann die Übung wie beim ,,Beidhändigen Kurzhanteldrücken mit Halten\r\nin der oberen Position\" ausgeführt werden (siehe Übung 2.4).',NULL,NULL,'Wir sitzen auf dem senkrecht oder leicht schräg stehenden Polster des\r\nGeräts, die Griffe werden im 0bergriff (mit den Knöcheln nach hinten)\r\ngehalten, Dabei sind die Hände etwas mehr als schulterbreit auseinander.\r\nAbsenken, bis sich die Hände seitlich vom Kopf befinden, dann bis\r\nbeinahe zur völligen Streckung nach oben drücken. Die Ellbogen bewegen\r\nsich stets parallel zum Körper und nähern sich bei der Abwärtsbewegung\r\nden Seiten. Zu Beginn der Abwärtsbewegung wird\r\neingeatmet, nach dem Anheben wird ausgeatmet,','Aufnehmen des Gewichts aus der untersten Position durch\r\nschlechte Konstruktion des Geräts, zu starkes Beugen des Lendenbereichs, falsche\r\nEinstellung des Geräts (insbesondere Rückenlehne und Sitzhöhe), Durchstrecken der\r\nEllbogen in der oberen Position und Ausführen einer lnnendrehung des Arms bei der\r\nAbwärtsbewegung (Bewegung der Ellbogen nach hinten).','Die ,,Rotatorenmanschette\" setzt sich aus dem Unterschulterblattmuskel, dem Obergrätenmuskel, dem Untergrätenmuskel und dem\r\nkleinen Rundmuskel zusammen. Sie spielen eine wichtige Rolle als ,,aktive Bände/\' und verhindern das Auskugeln des Schulter.','gerät'),(59,'Frontdrücken an der Multipresse',NULL,'Zwar scheint diese Übung dem ,,schulterdrücken am Gerät\" (siehe Übung 21) zu gleichen, doch sie bietet Vorteile,\r\ndie bei jener Übung nicht immer möglich sind: Das Gewicht lässt sich von oben aufnehmen und die Griffbreite lässt\r\nsich frei wählen, Beim Training ohne die Hilfe eines Partners muss die Stange nur gedreht werden und lässt sich so\r\nauf einer beliebigen Höhe in der Halterung ablegen. Dazu kommt, dass die Bewegung immer senkrecht verläuft (an\r\nanderen Geräten verläuft sie leicht schräg).\r\nWie bei anderen Übungen an der Multipresse kann das Gleichgewichtsgefühl dazu verleiten, die Ellbogen oben in\r\nvöllig gestreckter Haltung zu blockieren, was unbedingt zu vermeiden ist.',NULL,NULL,'Wir sitzen auf einer niedrigen Bank an der Multipresse und halten die Stange\r\nim Obergriff (mit den Knöcheln nach hinten). Dabei sind die Hände etwas\r\nmehr als schulterbreit gespreizt, Absenken, bis sich die Stange auf Kinnhöhe\r\nbefindet, dann bis beinahe zur völligen Streckung nach oben drücken. Die\r\nEllbogen bewegen sich stets parallel zum Körper und nähern sich bei der\r\nAbwärtsbewegung den Seiten, lst der Kopf dabei im Weg, wird er leicht\r\nnach hinten geneigt. Zu Beginn der Abwärtsbewegung wird eingeatmet,\r\nwährend des Anhebens wird ausgeatmet.','zu starkes Beugen des Lendenbereichs, falsche Einstellung der\r\nRückenlehne, Verwendung von zu hohem Gewicht (dieses Gerät verleitet dazu) und\r\nBlockieren der Ellbogen in der oberen Position.','Sowohl bei der Schulterübung ,,Frontdrücken/Military Press\" als auch bei der Variante ,,hinter dem Nacken\" erfolgt eine Außendrehung\r\ndes 0berarmknochens. Die am stärksten beteiligten Anteile des Muskels sind der vordere und der mittlere Deltamuskel.',NULL),(60,'Seitenheben am Gerät',NULL,'Wie bei der Verwendung von Kurzhanteln (siehe Übung 4) ist diese Übung sehr gut für den seitlichen Bereich des\r\nDeltamuskels. Sie eignet sich hervorragend, um an den Schultern ein paar Millimeteran Breite hinzuzugewinnen. Wenn\r\nnicht zu viel Gewicht verwendet wird, ist es nicht gefährlich, die Bewegung ein paar Grad über die Waagerechte hinaus\r\nauszuführen. Auf diese Weise wird der Trapezmuskel stärker beteiligt (denn der Deltamuskel kann den Arm nur\r\nbis ca, 90\" abspreizen). Der Vorteil gegenüber den Kurzhanteln liegt darin, dass das Gerät die Haltung und die Bewegung\r\nkorrigiert sowie in der geringeren Spannung auf den Ellbogen und den Handgelenken. Nachteile können\r\nsich aus einer ungünstigen Konstruktion des Geräts ergeben,\r\nObwohl dieses Gerät sehr nützlich und unbedingt zu empfehlen ist, ist es leider nicht sehr vielfältig, weswegen es in\r\nTrainingsräumen selten anzutreffen ist.',NULL,NULL,'Sie sitzen am Gerät. Die Griffe werden mit gebeugten Ellbogen (je nach\r\nKonstruktion des Geräts) zu beiden Seiten des Körpers gehalten, 0hne die\r\nHaltung der Ellbogen und des übrigen Körpers zu verändern, werden die\r\nArme nach oben abgespreizt, bis sie sich parallel zum Boden befinden und\r\nein Kreuz bilden. Der Bewegung erfolgt aus den Ellbogen. Kontrolliert absenken.\r\nZu Beginn der Aufwärtsbewegung einatmen und am Ende der Abwärtsbewegung\r\nausatmen,','unangemessene Einstellung des Gewichts oder der Bewegungsstrecke,\r\ndenn die Bewegung wird durch das Gerät geführt.','Wir empfehlen, den Ellbogen beim ,,Seitheben\" mit freien Gewichten nicht zu sehr zu beugen (siehe Ubung 4). Der Leser könnte vermuien,\r\ndass einige ,,Geräte für das Seitheben\" schlecht konstruiert sind, da sie genau diese Beugung des Ellbogens vorsehen. Dies\r\nstimmt jedoch nicht, denn bei den Geräten mit einer solchen Konstruktion liegt der Angriffspunkt der Last in der Regel auf dem Ellbogen,\r\nnicht auf der Hand (wie bei den freien Gewichten).','gerät'),(61,'Einhändiges Seitheben am tiefen Seilzug',NULL,'Die Ubung entspricht dem Seitheben mit der Kurzhantel (siehe Ubung 5), doch dazu kommt (bei richtiger Technik)\r\ndie konstante Spannung des Seilzugs. Besonders zu empfehlen für die seitlichen Anteile des Deltamuskels.',NULL,NULL,'Sie stehen seitlich am tiefen Seilzug. Die Beine sind leicht gebeugt und gegrätscht,\r\num die Haltung zu stabilisieren. Mit halb gebeugtem Ellbogen wird\r\nein Griff seitlich vom Körper gehalten und das Seil vor dem Körper entlanggeführt.\r\n0hne die Haltung der Ellbogen oder des übrigen Körpers zu verändern,\r\nwird der Arm abgespreizt, bis er mit dem Körper ein halbes Kreuz\r\nbildet (auf nur einer Seite). Der Ellbogen wird bis auf die Höhe der Hand und\r\nder Schulter gehoben, Die gesamte Bewegung muss kontrolliert verlaufen,\r\ndamit das Gewicht nicht in ballistischen Bewegungen ,,9€schleudert\" wird.\r\nZu Beginn der Aufwärtsbewegung einatmen und am Ende der Abwärtsbewegung\r\nausatmen.','Schaukeln mit dem Körper, Heben der Hände statt der Ellbogen\r\noder umgekehrt,zukurze oder zu lange Bewegungsstrecke mit zu vielGewicht und\r\nSchleudern des Arms bei der Aufwärtsbewegung,','Muskelkater oder Verletzung?\r\nHier einige Anzeichen, anhand derer Sie einen einfachen Muskelkater (verzögert eintretender Muskelschmerz nach der Beanspruchung\r\neines Muskels) von einer Verletzung unterscheiden können. Es kann sich um Muskelkater handeln,\r\n* wenn der Schmerz auf beiden Seiten des Körpers auftritt, auf der linken und der rechten (denn es ist unwahrscheinlich, dass\r\nz. B. beide Arme gleichzeitig verletzt sind).\r\n- wenn er nach 24 der 48 Stunden auftriti,\r\n- wenn er nach wenigen Tagen abklingt.\r\n- wenn der Schmerz mehr oder weniger in der Mitte des Muskels zu spüren ist.\r\n- wenn er nicht von einer inneren Blutung, einer Schwellung oder eingeschränkter Bewegungsfähigkeit begleitet ist.\r\n- wenn der Schmerz nach einer ungewohnten Tätigkeit auftritt (anderes Training, veränderte lntensität usw,).\r\nDies sind jedoch keine Leitsätze, denen Sie blind folgen sollten, Bei jedem Schmerz sollten Sie den betreffenden Bereich schonen.\r\nKlingt der Schmerz nicht ab, sollten Sie einen Arzt aufsuchen. Schließlich wollen wir mit dem Mythos aufräumen, dass man Zucker\r\noder andere Stoffe zu sich nehmen soll, damit der Muskelkater aufhört. Er wird von alleine abklingen, egal ob Sie etwas Süßes\r\nessen oder nicht.','gerät'),(62,'Frontheben am tiefen Seilzug',NULL,'Die Ausführung ist zwar auch mit beiden Händen gleichzeitig möglich (mit einer Stange oder einem Seil), doch der\r\nVorteil bei der einhändigen Ausführung lst die geringere Spannung auf dem Rücken. Der Hauptunterschied zu den\r\nKurzhanteln oderfreien Gewichten liegt allgemein darin, wie fast immer beiÜbungen am Seilzug, dass die Spannung\r\nÜber die gesamte Bewegungsstrecke hinweg besteht. Die Übung kann an einem Seil mit Griff ausgeführt werden, so\r\ndass die Hand in neutraler Haltung nach oben geführt wird, jedoch nie mit ganz gestrecktem Ellbogen; vielen Trainierenden\r\nhrlft das, den vorderen Bereich des Deltamuskels zu ,,isolieren\",',NULL,NULL,'Sie stehen mit dem Rücken zum tiefen Seilzug. Die Beine sind leicht gegrätscht,\r\nder Oberkörper ist fixiert, Ein Griff wird im Obergriff (mit den Handflächen\r\nin Richtung Boden) neben dem Oberschenkel gehalten. Der Arm\r\nwird vorne bis auf Kopfhöhe nach oben bewegt, ohne dabei die Beugung\r\ndes Ellbogens zu verändern. Zu Beginn der Bewegung einatmen (bei hoher\r\nLast auch vorher) und bei der Abwärtsbewegung ausatmen,','Schaukeln mit dem Körper, um vielGewicht heben zu können, und\r\nBewegen des Gewichts ohne Spannung (,,Schleudern\" mit einer ballistischen Bewegung).','Die Normaltemperatur des Körpers liegt bei etwa 37 \"C. Während des Trainings steigt sie in der Regel an. Durch Schwitzen kann\r\nder KörperWärme abgeben, deshalb muss leichte und durchlässige Kleidung getragen werden, um ein inneres Wärmegleichgewicht\r\nzu erreichen. Dehnbare Stoffe aus synthetischen Materialien, die eng am Körper anliegen, eignen sich für das Krafttraining nicht\r\nbesonders gut. Die hohe Temperatur und die Feuchtigkeit der Umgebungsluft erschweren die Selbstregulierung des Wärmehaushalts.\r\nFlüssigkeitszufuhr in Form von Wasser begünstigt diesen Prozess.','gerät'),(63,'Einhändiges Schulterziehen am Seilzug',NULL,'Diese Übung entspricht derjenigen mit freien Gewichten (siehe Ubung 7), doch mit dem Seilzug lässt sich eine konstantere\r\nSpannung erzielen, wenn eine gleichförmige (beinahe isokinetische) Bewegung gelingt. Es soll noch einmal\r\ndarauf hingewiesen werden, dass der hintere Teil der Deltamuskeln meist wenig trainiert ist, weshalb ihm besondere\r\nAufmerksamkeit zukommen sollte, Beim Anheben des Gewichts werden durch Zusammenführen bzw, Adduktion der\r\nSchulterblätter auch der Trapezmuskel und der Rautenmuskel beansprucht. Die Variante mit beiden Händen gleichzeitig\r\nkann unangenehmer sein.',NULL,NULL,'Sie stehen, die Beine sind leicht gegrätscht und halb gebeugt, Der Oberkörper\r\nwird beinahe bis zur Waagerechten nach vorne gebeugt, Die Hand,\r\ndie näher am Seilzug ist, wird auf dem Knie abgestützt, mit der anderen wird\r\nder Griff vor dem Körper gehalten, Er wird seitlich bis auf die Höhe des\r\nOberkörpers gehoben, ohne die Beugung der Ellbogen zu verändern. Die\r\nEllbogen müssen ausreichend weit vom Oberkörper entfernt sein, um den\r\nRückenmuskel nicht zu sehr einzubeziehen. Zu Beginn der Aufwärtsbewegung\r\neinatmen, bei der Abwärtsbewegung ausatmen.','Veränderung der Ellbogenbeugung, um den Trizeps zu Hilfe zu\r\nnehmen, Schleudern des Gewichts, um es bis nach ganz oben zu bewegen, und starkes\r\nAnnähern des Arms an den Körper, um den Rückenmuskel zu Hilfe zu nehmen.',NULL,'gerät'),(64,'Schuöterziehen im Sitzen am Gerät',NULL,'Dies ist eine hervorragende Ubung für den hinteren Schulterbereich, Sie ermöglicht die Verwendung einer beachtlichen\r\nlVenge an Gewicht, ohne mit dem Oberkörper zu schummeln wie bei entsprechenden anderen Übungen mit freien\r\nGewichten (siehe Ubung 7), Darüber hinaus schützt sie den Rücken, da er den Körper nicht in seiner Position halten\r\nmuss, Sie wird auch bei der Haltungsschulung eingesetzt, denn sie stärkt die hinteren Oberkörpermuskeln, wie\r\nbeispielsweise die Rautenmuskeln. Die Variante am Seilzug ist die gleiche, doch mit der Schwierigkeit, dass die Ellbogen\r\nfixiert werden müssen. Wenn die Brustlehne die Atmung erschwert, müssen die Beine so aufgestellt werden,\r\ndass sie die Atmung erleichtern, indem sie nach vorne drÜcken.',NULL,NULL,'Sie sitzen am Gerät und lehnen die Brust an, um sie zu fixieren, Die Griffe\r\nwerden vorne gehalten und die Ellbogen vom Oberkörper entfernt, so dass\r\ndie Arme waagerecht zum Boden sind (abgespreizt). Mit halb gebeugten Ellbogen,\r\njedoch bei gleichbleibendem Winkel, werden die Arme wie bei einer\r\numgekehrten Umarmung kreuzförmig geöffnet, Beim Öffnen einatmen und\r\nbeim Schließen ausatmen, ohne die gesamte Luft herauszulassen.','unvollständige Ausführung der Bewegungsstrecke und zu\r\nschnelle/ballistische Bewegungen, mit denen das Gewicht geschleudert wird.',NULL,'gerät'),(65,'Aufrechtes Rudern am Tiefen Seilzug',NULL,'Diese Übung entspricht derjenigen mit der Langhantel (siehe Übung 9). Die dort aufgeführten Angaben gelten daher\r\ngroßteils auch hier: schwere Übung für den Trapezmuskel und den Deltamuskel (vor allem für Letzteren); und bei größerem\r\nAbstand zwischen den Händen (weiter offener Griff) wird ein noch größerer Teil der Beanspruchung auf die\r\nSchultern verlagert.\r\nAuch wenn er ausreichend beteiligt ist, ist dies keine gezielte Übung für den Trapezmuskel, wie häufig behauptet wird,\r\ndenn der Großteil der Beanspruchung betrift die Deltamuskeln. Das lässt sich daran erkennen, dass die Bewegung\r\nderArme beinahe identisch istwie beim,,Seitheben mit Kurzhanteln\" (siehe Übung 4), jedoch mit gebeugten Ellbogen.\r\nEine mögliche Variante wäre, die Stange nach vorne zu strecken (siehe ,,schulterheben am tiefen Seilzug\", Übung 29).',NULL,NULL,'Sie stehen mit leicht gegrätschten Beinen und geradem, fixiertem Oberkörper\r\nund halten die Stange im Obergriff vor die 0berschenkel, Die Hände\r\nsind etwas mehr als schulterbreit auseinander. Dann die Stange bis zum\r\nSchlüsselbein nach oben ziehen, wobei sie immer nahe am Körper bleibt.\r\nDie Ellbogen müssen angehoben werden und stets höher sein als die\r\nHände, Zu Beginn der Aufwärtsbewegung Luft holen, beim Absenken die\r\nLuft ausstoßen,','stärkeres Anheben derArme als der Ellbogen, Schaukeln mit dem\r\nKörper, Schleudern des Gewichts nach oben, um die Trägheit des Seilzugs zu nutzen,\r\nund großer Abstand der Stange vom Körper.','Beim ,,Aufrechten Rudern mit der Langhantel\" erfolgt die Drehung des Oberarmknochens nach innen. Die am stärksten einbezogenen\r\nTeile des Deltamuskels sind der hintere und der mittlere.','gerät'),(66,'Schulterheber am tiefen Seilzug',NULL,'Drehen der Schultern bei schweren Sätzen, zu wenig oder zu viel\r\nGewicht, unvollständige Ausführung der Bewegungsstrecke, zukurze oder zu wenige\r\nSätze und Beugen der Ellbogen, um die Aufwärtsbewegung zu erleichtern.',NULL,NULL,'Sie stehen mit leicht gegrätschten Beinen. Der Oberkörper ist gerade und\r\nfixiert. Die Stange wird im Obergriff vor den Schenkeln gehalten. Sie heben\r\ndie Schultern auf der längstmöglichen Bewegungsstrecke an und versuchen,\r\ndas Gewicht oben einen Moment lang zu halten. Die Arme dienen nur\r\nals einfache Haken, die das Gewicht halten, dabei jedoch konstant angespannt\r\nsind. Die Ausführung kann in gleicher Weise hinter dem Körper\r\nerfolgen. Während der Aufwärtsbewegung Luft holen, bei der Abwärtsbewegung\r\ndie Luft ausstoßen,','Wie auch bei der Langhantel oder den Kurzhanteln (siehe Übung 10) beansprucht diese Übung sehr gezielt den\r\noberen Teil des Trapezmuskels, den Schulterblattheber und weitere nahegelegene Muskeln.\r\nEine mögliche Variante ließe sich unter den Stützen bei der Übung ,,Kniebeugen am Gerät\" ausführen (siehe Übung\r\n12, ,,Beine\"), indem die Bewegung direkt durch die Schultern erfolgt, während die Hände in der Taille oder in der\r\nLuft bleiben. Diese Variante ist nützlich für alle, die Schwierigkeiten mit den Händen, den Handgelenken oder den Ellbogen\r\nhaben,','Die seelische Verfassung kann die Fortschritte beim Muskelwachstum fördern oder bremsen, Persönliche Probleme sollten daher\r\ndie Trainingseinheiten nicht beeinträchtigen.','gerät'),(67,'Außenrotation am Seilzug',NULL,'Es gelten die gleichen Erläuterungen wie bei Verwendung der Kurzhantel (siehe Übung 1 1), wobeijedoch die Verwendung\r\ndes Seilzugs eine konstante Spannung über die gesamte Bewegungsstrecke hinweg ermöglicht. Die wichtigsten\r\nVoraussetzungen (neben der richtigen Wahl des Gewichts) sind eine sehr kontrollierte Ausführung der\r\nBewegung und das Einhalten der unveränderten Position des Ellbogens. Die Ausführung kann auch auf Knien oder\r\nim Sitzen edolgen, in diesem Fall seitlich zum Seilzug.',NULL,NULL,'Seitlich auf einer Bank oder auf einer Matte auf dem Boden liegend, wird der Griff im Hammergriff (neutraler\r\nGriff) mit der oberen Hand gehalten, Der Ellbogen ist im rechten Winkel auf die Seite des Körpers aufgestützt.\r\nDie Schulter wird bis zu einem Winkel von 80o auswärts gedreht, dabei ist der Unterarm parallel zum Boden.\r\nDie Beugung aller Gelenke bleibt unverändert, nur die Schulter wird von vorne zur Seite gedreht. Die Atmung\r\nerfolgt natürlich.','zu viel Gewicht, schnelle Ausführung der Bewegung, Loslösung\r\ndes Ellbogens vom Körper und Bewegen des Ellbogens, um den hinteren Teil des\r\nDeltamuskels zu sehr zu Hilfe zu nehmen, und Einnahme eines zu großen Winkels mit\r\ndem Ellbogen in Bezug auf den Seilzug.',NULL,'gerät'),(68,'Innenrotation am Seilzug',NULL,'zu viel Gewicht, schnelle Ausführung der Bewegung, Loslösung\r\ndes Ellbogens vom Körper, um rhn mit dem Brustmuskel und dem Deltamuskel zu\r\nbewegen, Beugen des Ellbogens (um den Bizeps zu Hilfe zu nehmen) und Einnahme\r\neines zu großen Winkels mit dem Ellbogen in Bezug auf den Seilzug.',NULL,NULL,'Die Ausführung erfolgt in der gleichen Position, Daher gelten die gleichen Erläuterungen wie für die ,,Außenrotation\"\r\nfür die Schulter (siehe Übung 30), doch nun wird der Griff mit der unteren Hand gehalten. Es wird eine\r\nlnnenrotation der Schulter ausgeführt, die auf den Boden gestützt ist, Die Beugung aller Gelenke bleibt unverändert,\r\nnur die Schulter dreht sich. Die Atmung ist natürlich,','Wie bei der Außenrotation gelten auch hier die gleichen Erläuterungen wie bei Verwendung der Kurzhantel (siehe\r\nÜbung t 2), wobei jedoch die Verwendung des Seilzugs eine konstante Spannung über die gesamte Bewegungsstrecke\r\nhinweg ermöglicht. Die Ausführung kann auch auf Knien oder im Sitzen erfolgen und seitlich vom Seilzug. Diese\r\nPosition kann angenehmer und wirksamer sein, auch wenn sie leicht zum ,,Schummeln\" verleitet, indem der Ellbogen\r\nvon der Seite gelöst wird.',NULL,'gerät');
/*!40000 ALTER TABLE `exercises` ENABLE KEYS */;
UNLOCK TABLES;

--
-- Table structure for table `muscles`
--

DROP TABLE IF EXISTS `muscles`;
CREATE TABLE `muscles` (
  `id` int(11) NOT NULL auto_increment,
  `name` mediumtext,
  PRIMARY KEY  (`id`)
) ENGINE=InnoDB DEFAULT CHARSET=utf8;

--
-- Dumping data for table `muscles`
--

LOCK TABLES `muscles` WRITE;
/*!40000 ALTER TABLE `muscles` DISABLE KEYS */;
INSERT INTO `muscles` VALUES (1,'Großer Brustmuskel'),(2,'Trizeps'),(3,'Vorderer Deltamuskel'),(4,'Hakenarmmuskel'),(5,'Vorderer Sägemuskel'),(6,'Unterschulterblattmuskel'),(7,'Großer Rückenmuskel'),(9,'Hinterer Deltamuskel'),(10,'Mittlerer Deltamuskel'),(11,'Kleiner Brustmuskel'),(12,'Oberer Trapezmuskel'),(13,'Großer Rautenmuskel'),(14,'Kleiner Rundmuskel'),(16,'Gerader Bauchmuskel'),(17,'Innerer schräger Bauchmuskel'),(18,'Äußerer schräger Bauchmuskel'),(19,'Oberer Brustmuskel'),(21,'Untergrätenmuskel'),(22,'Hinterer Sägemuskel'),(23,'Unterer Brustmuskel'),(24,'Großer Rundmuskel'),(25,'Kleiner Rautenmuskel'),(26,'Unterer Trapezmuskel'),(27,'Mittlerer Trapezmuskel'),(28,'Armbeuger'),(29,'Oberarmspeichenmuskel'),(30,'Lendenmuskeln'),(31,'Bizeps kurzer Kopf'),(32,'Äußerer Brustmuskel'),(33,'Trizeps langer Kopf'),(34,'Bizeps langer Kopf'),(35,'Trizeps innerer Kopf'),(36,'Trizeps seitlicher Kopf'),(37,'Paravertebrale Muskeln'),(38,'Obergrätenmuskel'),(39,'Schulterblattheber'),(42,'Riemenmuskeln'),(52,'Treppenmuskeln'),(56,'Kopfwender');
/*!40000 ALTER TABLE `muscles` ENABLE KEYS */;
UNLOCK TABLES;

--
-- Table structure for table `schema_migrations`
--

DROP TABLE IF EXISTS `schema_migrations`;
CREATE TABLE `schema_migrations` (
  `version` varchar(255) NOT NULL,
  UNIQUE KEY `unique_schema_migrations` (`version`)
) ENGINE=InnoDB DEFAULT CHARSET=latin1;

--
-- Dumping data for table `schema_migrations`
--

LOCK TABLES `schema_migrations` WRITE;
/*!40000 ALTER TABLE `schema_migrations` DISABLE KEYS */;
INSERT INTO `schema_migrations` VALUES ('20100304201103'),('20100304210255'),('20100307225226'),('20100308154544'),('20100308155021'),('20100308213411'),('20100308213412');
/*!40000 ALTER TABLE `schema_migrations` ENABLE KEYS */;
UNLOCK TABLES;

--
-- Table structure for table `user_to_exercises`
--

DROP TABLE IF EXISTS `user_to_exercises`;
CREATE TABLE `user_to_exercises` (
  `id` int(11) NOT NULL auto_increment,
  `user_id` int(11) default NULL,
  `exercise_id` int(11) default NULL,
  `created_at` datetime default NULL,
  `updated_at` datetime default NULL,
  PRIMARY KEY  (`id`)
) ENGINE=InnoDB DEFAULT CHARSET=latin1;

--
-- Dumping data for table `user_to_exercises`
--

LOCK TABLES `user_to_exercises` WRITE;
/*!40000 ALTER TABLE `user_to_exercises` DISABLE KEYS */;
INSERT INTO `user_to_exercises` VALUES (35,1,20,'2010-08-30 22:08:40','2010-08-30 22:08:40'),(36,1,20,'2010-09-02 08:52:57','2010-09-02 08:52:57'),(37,1,13,'2010-09-04 22:19:23','2010-09-04 22:19:23'),(38,1,18,'2010-09-04 22:20:02','2010-09-09 10:48:36'),(40,1,12,'2010-09-09 10:47:17','2010-09-09 10:48:36'),(41,1,13,'2010-09-09 10:47:54','2010-09-09 10:47:54'),(42,1,13,'2010-09-09 10:48:05','2010-09-09 10:48:05'),(43,1,5,'2010-09-09 10:51:14','2010-09-09 10:51:14'),(44,1,13,'2010-09-14 07:59:31','2010-09-14 07:59:31'),(45,1,1,'2010-09-14 08:00:06','2010-09-14 08:00:06');
/*!40000 ALTER TABLE `user_to_exercises` ENABLE KEYS */;
UNLOCK TABLES;

--
-- Table structure for table `users`
--

DROP TABLE IF EXISTS `users`;
CREATE TABLE `users` (
  `id` int(11) NOT NULL auto_increment,
  `username` varchar(255) default NULL,
  `email` varchar(255) default NULL,
  `password_hash` varchar(255) default NULL,
  `password_salt` varchar(255) default NULL,
  `created_at` datetime default NULL,
  `updated_at` datetime default NULL,
  `admin` tinyint(1) default NULL,
  PRIMARY KEY  (`id`)
) ENGINE=InnoDB DEFAULT CHARSET=latin1;

--
-- Dumping data for table `users`
--

LOCK TABLES `users` WRITE;
/*!40000 ALTER TABLE `users` DISABLE KEYS */;
INSERT INTO `users` VALUES (1,'god','god@dd.de','3776a4c5e2a12a5655771019875b11c8cc375bda','4fe538296917273b515ba47767bfb75042104bc7','2010-06-15 19:23:29','2010-09-10 05:15:09',1);
/*!40000 ALTER TABLE `users` ENABLE KEYS */;
UNLOCK TABLES;
/*!40103 SET TIME_ZONE=@OLD_TIME_ZONE */;

/*!40101 SET SQL_MODE=@OLD_SQL_MODE */;
/*!40014 SET FOREIGN_KEY_CHECKS=@OLD_FOREIGN_KEY_CHECKS */;
/*!40014 SET UNIQUE_CHECKS=@OLD_UNIQUE_CHECKS */;
/*!40101 SET CHARACTER_SET_CLIENT=@OLD_CHARACTER_SET_CLIENT */;
/*!40101 SET CHARACTER_SET_RESULTS=@OLD_CHARACTER_SET_RESULTS */;
/*!40101 SET COLLATION_CONNECTION=@OLD_COLLATION_CONNECTION */;
/*!40111 SET SQL_NOTES=@OLD_SQL_NOTES */;

-- Dump completed on 2010-09-20 19:19:19
